HoldOutSet,TorH,Team,TeamVS,tAbrev,vsAbrev,tType,tTeamVS,gType,rec,hInd,smGrp,hNgrp,aNnon,recW,recL,recT,recWpct,recWpctXwk,ELO,ELOchgPct,ELO13pct,vsrecW,vsrecL,vsrecT,vsrecWpct,vsrecWpctXwk,vsELO,vsELOchgPct,vsELO13pct,week,lookup,Home,Road,line,linesag,linepfz,lineARGH,lineavg,linepig,linenutshell,lineexcel,linedunk,linepyth,lineelo,lineeff,linesaggm,linel2,linel1,linel2h,linefox,lineca,lineesp2,linesagr,linesagpred,linepi,linemidweek,lineopen,linecurry,linemass,linekasulis,lineturner,linedonchess,linepim,linelog,linepugh,lineteamrank,linemedian,linekerns,linejens,lineash,lineffw,lineburd,linedok,linepib,linejens2,lineclean,linewhatif,lineespn,linerwp,linedwig,linegt,lineexcel2,linelinx,linestjohn,lineppg,linel2to,lineherbert,linepr,lineiron,linekalin,linestd,rscore,hscore,actLine,tPts,vsPts,aLnDiff,aLnFlip,tCnt,hCnt,aCnt
0,T,Arizona,Washington,ARI,WSH,NW,NE,H,0-0,1,0,0,0,0,0,0,0,0,1483,0,1.1408,0,0,0,0,0,1472,0,1.1323,1,1Arizona,Arizona,Washington,2,0.45,3.27,3,2.97,2,4,9,5.12,1.86,10.19,2.14,0.45,1.1,-0.23,5.01,4,2,2.1,0.45,0.45,4.3,1.5,0,8.77,1.78,4.3,4.18,0.75,4.3,-0.26,0.37,2.9,2.1,-0.8,5,1,3,9.9,-0.97,3.8,0.95,2,-4.1,2.57,1.77,18.1,-0.5,7,5.02,0.16,-0.94,-0.85,-0.28,0.6,2.77,2.02,3.640685822,24,6,-18,6,24,-20,1,0,0,0
0,T,Baltimore,Buffalo,BAL,BUF,AN,AE,H,0-0,1,0,0,0,0,0,0,0,0,1535,0,1.1808,0,0,0,0,0,1502,0,1.1554,1,1Baltimore,Baltimore,Buffalo,7.5,7.19,8.65,5,8,8,31,1,10.13,9.94,8.96,7.68,7.19,13.35,12.17,9.9,10,7.5,8.5,7.19,7.19,7.7,7.5,3.5,6.61,5.97,10,3.1,6.25,8.6,3.74,9.33,8.9,7.7,8.7,8.46,6,6,7.8,7.3,8.2,0.94,5,8.8,9.55,7.7,14.15,6,-6,2.49,7.51,8.75,10.99,8.79,10.5,5.27,5.84,4.713550837,3,47,44,47,3,36.5,0,0,0,0
0,T,Carolina,Dallas,CAR,DAL,NS,NE,H,0-0,1,0,0,0,0,0,0,0,0,1550,0,1.1923,0,0,0,0,0,1547,0,1.19,1,1Carolina,Carolina,Dallas,3,2.9,3.52,4,3.96,1,4,-2,10.88,3.29,7.11,3.18,2.9,8.08,6.36,0.48,2,3,4,2.9,2.9,4.7,2.5,2.5,2.19,3.1,5.1,4.27,4.74,4,9.29,4.69,3.9,3.5,4.2,6.66,3,2,1.7,0.96,5,0.87,3.5,1.9,4.26,6.32,13.15,3.5,-6,3.58,3.48,2.76,4.21,2.25,4.6,2.43,3.2,3.104407809,8,16,8,16,8,5,0,0,0,0
0,T,Cleveland,Pittsburgh,CLE,PIT,AN,AN,H,0-0,1,1,1,0,0,0,0,0,0,1302,0,1.0015,0,0,0,0,0,1596,0,1.2277,1,1Cleveland,Cleveland,Pittsburgh,-3.5,-9.03,-12.3,-7,-8.91,-6,-29,-18,3.43,-8.21,-7.48,-5.34,-9.03,-14.04,-10.17,-12.3,-8,-4.5,-4.1,-9.03,-9.03,-9.5,-3.5,-6.5,-15.61,-10.67,-4.2,-15.81,-9.36,-10.1,-7,-13.26,-4.4,-9.03,-13.2,-12.52,-6,-12,-4.3,-6.3,-9,-4.31,-3,-9.8,-5.62,-13.67,1.1,-4.5,-23,-13.69,-4.65,-8.26,-7.68,-1.49,-8.5,-3.47,-4.83,5.67365172,21,21,0,21,21,3.5,1,0,0,0
0,T,Denver,Seattle,DEN,SEA,AW,NW,H,0-0,1,0,0,0,0,0,0,0,0,1450,0,1.1154,0,0,0,0,0,1545,0,1.1885,1,1Denver,Denver,Seattle,3,0.01,4.73,1,-1.42,4,-9,-13,4.97,-2.72,-3.42,-0.97,0.01,-7.02,-11.21,-4.6,-4,2,2.4,0.01,0.01,0.1,3,1.5,-4.16,-4.39,1.8,-1.37,-0.55,-0.1,-2.94,-5.93,2.5,-0.55,-4.8,-5,0.01,-2,-4.4,6.07,-0.8,0.36,4,-1,1.61,-7.29,9.4,2,-15,-0.41,0.66,-2.81,-1.74,3.74,1.9,0.01,0.04,4.671439615,24,27,3,27,24,0,0,0,0,0
0,T,Detroit,N.Y. Jets,DET,NYJ,NN,AE,H,0-0,1,0,0,0,0,0,0,0,0,1524,0,1.1723,0,0,0,0,0,1432,0,1.1015,1,1Detroit,Detroit,N.Y. Jets,7,7.35,7.99,5,7.17,6,9,12,-1.97,8.12,11.07,6.76,7.35,9.62,5.48,13.33,10,7,6.1,7.35,7.35,7.2,6.5,6.5,8.66,9.18,5.6,7.06,7.94,7.1,7.08,9.77,6.1,7.2,10.2,10.75,6,7,14,8.51,6.8,0.58,5.5,1,8.3,12.89,-0.45,6.5,11,6.83,6.33,9,6.61,3.16,7.2,5.11,6,3.356836851,48,17,-31,17,48,-38,1,0,0,0
0,T,Green Bay,Chicago,GB,CHI,NN,NN,H,0-0,1,1,1,0,0,0,0,0,0,1472,0,1.1323,0,0,0,0,0,1444,0,1.1108,1,1Green Bay,Green Bay,Chicago,7,9.05,4.88,3,4.58,10,9,3,11.01,3.15,-2.07,3.06,9.05,2.04,5,5.02,0.01,6.5,7.4,9.05,9.05,4.7,7.5,8.5,0.04,3.12,7.3,4.65,7.24,7,4.07,1.33,8.1,4.4,1,1.67,3,8,-6.7,12.75,4,3.18,4.5,1,9.64,4.05,2.55,8.5,-1,5.46,5.7,5.5,1.21,3.26,7.4,2.51,4.4,3.858417943,23,24,1,24,23,-6,0,0,0,0
0,T,Indianapolis,Cincinnati,IND,CIN,AS,AN,H,0-0,1,0,0,0,0,0,0,0,0,1407,0,1.0823,0,0,0,0,0,1475,0,1.1346,1,1Indianapolis,Indianapolis,Cincinnati,2,2.79,-3.39,0.25,-0.79,5,-9,-9,4.63,-0.3,-3.16,0.35,2.79,-2.41,-4.17,-9.14,-2,2,2.5,2.79,2.79,-0.8,2.5,1,-7.18,-0.67,2,-0.86,1.15,-2.8,-1.78,-2.41,0.7,-0.74,-5.4,-1.3,-1,-2,-2.8,-0.74,-0.9,1.99,3,-3.1,4.39,-3.8,1.85,3,-10,-0.84,0.86,0.31,-6.34,0.82,-0.9,1.09,2.06,3.554862762,34,23,-11,23,34,-13,1,0,0,0
0,T,LA Chargers,Kansas City,LAC,KC,AW,AW,H,0-0,1,1,1,0,0,0,0,0,0,1545,0,1.1885,0,0,0,0,0,1571,0,1.2085,1,1LA Chargers,LA Chargers,Kansas City,3.5,2.91,3.46,1,3.26,5,6,11,-4.9,4.12,5.58,3.77,2.91,3.47,11.36,5.14,4,3.5,3,2.91,2.91,2.3,3.5,3,10.05,3.83,3.1,2.99,3.85,3.3,1.65,3.6,5.9,3.46,3.9,7.05,1,-2,5.9,0.4,2.4,-0.8,0.01,-7.6,4.31,1.76,5.15,4.5,6,3.04,3.39,-1.46,4.11,2.68,4.6,3.11,3.09,3.416661184,38,28,-10,28,38,-13.5,1,0,0,0
0,T,Miami,Tennessee,MIA,TEN,AE,AS,H,0-0,1,0,0,0,0,0,0,0,0,1450,0,1.1154,0,0,0,0,0,1496,0,1.1508,1,1Miami,Miami,Tennessee,0,0.01,1.89,2,0.16,-2,-7,1,8.63,-0.26,-4.22,0.57,0.01,-0.38,-1.37,4.07,0.01,0,-0.9,0.01,0.01,2,-1.5,-2.5,-7.13,1.15,-0.3,-0.06,0.05,0.8,1.93,-0.45,0.4,0.01,2.2,1.01,1,2,-5.2,-1.24,2.3,0.49,1,-8.1,-0.37,-2.79,11.35,1,2,1.32,-0.68,-0.99,-0.17,-1.06,-3.3,1.02,-1.19,3.340925597,20,27,7,27,20,7,1,0,0,0
0,T,Minnesota,San Francisco,MIN,SF,NN,NW,H,0-0,1,0,0,0,0,0,0,0,0,1602,0,1.2323,0,0,0,0,0,1469,0,1.13,1,1Minnesota,Minnesota,San Francisco,6,8.7,14.81,9,8.58,6,20,11,6.28,9.56,5.61,7.47,8.7,15.48,7,7,7,6,5.7,8.7,8.7,9.2,6.5,4.5,9.75,9.58,5.3,8.78,7.84,8.7,12.97,12.12,9.1,8.7,16.1,11.14,7,11,-4.8,3.15,9.1,3.76,7.5,5.6,7.3,15.46,6.65,5.5,15,7.31,6.7,4.53,12.28,-0.18,8.9,5.94,6.5,3.888012537,16,24,8,24,16,2,0,0,0,0
0,T,N.Y. Giants,Jacksonville,NYG,JAX,NE,AS,H,0-0,1,0,0,0,0,0,0,0,0,1412,0,1.0862,0,0,0,0,0,1535,0,1.1808,1,1N.Y. Giants,N.Y. Giants,Jacksonville,-2.5,-0.68,-10.56,-1,-5.29,-1,-20,-4,1.39,-8.98,-7.78,-5.68,-0.68,-14.32,-13.5,-16.59,-9,-2.5,-2.3,-0.68,-0.68,-3.9,-3,-3.5,-11.22,-4.76,-1.6,-4.9,-0.65,-3.7,-6.36,-10.67,-0.4,-4,-12.3,-7.99,-3,-4,-10.5,0.01,-4.1,1.81,-3,-7.7,0.38,-10.67,-4.45,-1,-3,-1.55,-4.82,-8.52,-10.71,-4.89,-4,-2.27,-2.17,4.892617416,20,15,-5,15,20,-2.5,0,0,0,0
0,T,New England,Houston,NE,HOU,AE,AS,H,0-0,1,0,0,0,0,0,0,0,0,1651,0,1.27,0,0,0,0,0,1398,0,1.0754,1,1New England,New England,Houston,6.5,11.37,13.72,9,12.86,9,40,20,2.45,12.57,13.24,10.89,11.37,15.08,7,11.79,22,7.5,7.2,11.37,11.37,8.8,6,6.5,30.21,15.39,8.4,13.04,12.84,9.7,14.58,19.68,9.5,11.37,18,17.69,10,16,26.2,11.05,9.1,5.15,1.5,4.1,9.08,17.72,5.65,7.5,23,14.38,7.23,9.82,11.12,6.28,9.3,9.94,9.18,7.12546567,20,27,7,27,20,0.5,0,0,0,0
0,T,New Orleans,Tampa Bay,NO,TB,NS,NS,H,0-0,1,1,1,0,0,0,0,0,0,1584,0,1.2185,0,0,0,0,0,1469,0,1.13,1,1New Orleans,New Orleans,Tampa Bay,10,8.99,9.08,6,10.46,12,22,15,4.37,9.28,10.35,7.82,8.99,11.71,13.6,10.52,9,10,8.9,8.99,8.99,15.8,9.5,7,9.11,8.46,8.3,9.14,10.05,16.3,8.36,12.18,10,9.14,15.1,11.48,6,7,6.2,8.81,15.5,2.77,7.5,12.6,13.25,14.57,23.55,8.5,13,6.52,9.28,9.12,10.72,8.91,14.7,5.85,10.87,3.993154996,48,40,-8,40,48,-18,1,0,0,0
0,T,Oakland,LA Rams,OAK,LAR,AW,NW,H,0-0,1,0,0,0,0,0,0,0,0,1465,0,1.1269,0,0,0,0,0,1530,0,1.1769,1,1Oakland,Oakland,LA Rams,-4.5,-2.7,-6.15,2,-4.48,-2,-25,-12,6.89,-5.1,-2.21,-2.92,-2.7,-10.9,-15.17,-11.96,-5,-4.5,-3,-2.7,-2.7,-6.7,-4,-1,-5.86,-3.13,-1.9,-1.4,-1.55,-7.3,-4.81,-9.9,-1.1,-3.09,-12.1,-5.18,-2,-3,-7.2,-2.23,-6.9,-0.16,-1.5,-7.9,-0.75,-7.87,9,0.5,-17,-0.6,-4.41,-8.07,-5.44,-6.59,-7.9,-0.56,-1.17,5.723265282,33,13,-20,13,33,-15.5,0,0,0,0
0,T,Philadelphia,Atlanta,PHI,ATL,NE,NS,H,0-0,1,0,0,0,0,0,0,0,0,1647,0,1.2669,0,0,0,0,0,1601,0,1.2315,1,1Philadelphia,Philadelphia,Atlanta,0,4.94,6.63,4,5.79,6,8,8,4.92,7.26,4.13,6.22,4.94,7.38,7.32,9.31,7,1,3.8,4.94,4.94,0.6,1,4,10.57,5.18,5.1,6.51,5.05,1.4,4.86,8.82,4.5,5.18,5.6,7.92,5,4,9.8,7.76,-0.4,0.94,7.5,1.3,5.1,9.05,11.55,6,9,4.75,3.62,8.83,5.09,0.6,6.3,4.24,0.9,2.646399374,12,18,6,18,12,6,1,0,0,0
0,T,Washington,Arizona,WSH,ARI,NE,NW,A,0-0,0,0,0,1,0,0,0,0,0,1472,0,1.1323,0,0,0,0,0,1483,0,1.1408,1,1Arizona,Arizona,Washington,2,0.45,3.27,3,2.97,2,4,9,5.12,1.86,10.19,2.14,0.45,1.1,-0.23,5.01,4,2,2.1,0.45,0.45,4.3,1.5,0,8.77,1.78,4.3,4.18,0.75,4.3,-0.26,0.37,2.9,2.1,-0.8,5,1,3,9.9,-0.97,3.8,0.95,2,-4.1,2.57,1.77,18.1,-0.5,7,5.02,0.16,-0.94,-0.85,-0.28,0.6,2.77,2.02,3.640685822,24,6,-18,24,6,-20,1,0,0,0
0,T,Buffalo,Baltimore,BUF,BAL,AE,AN,A,0-0,0,0,0,1,0,0,0,0,0,1502,0,1.1554,0,0,0,0,0,1535,0,1.1808,1,1Baltimore,Baltimore,Buffalo,7.5,7.19,8.65,5,8,8,31,1,10.13,9.94,8.96,7.68,7.19,13.35,12.17,9.9,10,7.5,8.5,7.19,7.19,7.7,7.5,3.5,6.61,5.97,10,3.1,6.25,8.6,3.74,9.33,8.9,7.7,8.7,8.46,6,6,7.8,7.3,8.2,0.94,5,8.8,9.55,7.7,14.15,6,-6,2.49,7.51,8.75,10.99,8.79,10.5,5.27,5.84,4.713550837,3,47,44,3,47,36.5,0,0,0,0
0,T,Dallas,Carolina,DAL,CAR,NE,NS,A,0-0,0,0,0,1,0,0,0,0,0,1547,0,1.19,0,0,0,0,0,1550,0,1.1923,1,1Carolina,Carolina,Dallas,3,2.9,3.52,4,3.96,1,4,-2,10.88,3.29,7.11,3.18,2.9,8.08,6.36,0.48,2,3,4,2.9,2.9,4.7,2.5,2.5,2.19,3.1,5.1,4.27,4.74,4,9.29,4.69,3.9,3.5,4.2,6.66,3,2,1.7,0.96,5,0.87,3.5,1.9,4.26,6.32,13.15,3.5,-6,3.58,3.48,2.76,4.21,2.25,4.6,2.43,3.2,3.104407809,8,16,8,8,16,5,0,0,0,0
0,T,Pittsburgh,Cleveland,PIT,CLE,AN,AN,A,0-0,0,1,0,0,0,0,0,0,0,1596,0,1.2277,0,0,0,0,0,1302,0,1.0015,1,1Cleveland,Cleveland,Pittsburgh,-3.5,-9.03,-12.3,-7,-8.91,-6,-29,-18,3.43,-8.21,-7.48,-5.34,-9.03,-14.04,-10.17,-12.3,-8,-4.5,-4.1,-9.03,-9.03,-9.5,-3.5,-6.5,-15.61,-10.67,-4.2,-15.81,-9.36,-10.1,-7,-13.26,-4.4,-9.03,-13.2,-12.52,-6,-12,-4.3,-6.3,-9,-4.31,-3,-9.8,-5.62,-13.67,1.1,-4.5,-23,-13.69,-4.65,-8.26,-7.68,-1.49,-8.5,-3.47,-4.83,5.67365172,21,21,0,21,21,3.5,1,0,0,0
0,T,Seattle,Denver,SEA,DEN,NW,AW,A,0-0,0,0,0,1,0,0,0,0,0,1545,0,1.1885,0,0,0,0,0,1450,0,1.1154,1,1Denver,Denver,Seattle,3,0.01,4.73,1,-1.42,4,-9,-13,4.97,-2.72,-3.42,-0.97,0.01,-7.02,-11.21,-4.6,-4,2,2.4,0.01,0.01,0.1,3,1.5,-4.16,-4.39,1.8,-1.37,-0.55,-0.1,-2.94,-5.93,2.5,-0.55,-4.8,-5,0.01,-2,-4.4,6.07,-0.8,0.36,4,-1,1.61,-7.29,9.4,2,-15,-0.41,0.66,-2.81,-1.74,3.74,1.9,0.01,0.04,4.671439615,24,27,3,24,27,0,0,0,0,0
0,T,N.Y. Jets,Detroit,NYJ,DET,AE,NN,A,0-0,0,0,0,1,0,0,0,0,0,1432,0,1.1015,0,0,0,0,0,1524,0,1.1723,1,1Detroit,Detroit,N.Y. Jets,7,7.35,7.99,5,7.17,6,9,12,-1.97,8.12,11.07,6.76,7.35,9.62,5.48,13.33,10,7,6.1,7.35,7.35,7.2,6.5,6.5,8.66,9.18,5.6,7.06,7.94,7.1,7.08,9.77,6.1,7.2,10.2,10.75,6,7,14,8.51,6.8,0.58,5.5,1,8.3,12.89,-0.45,6.5,11,6.83,6.33,9,6.61,3.16,7.2,5.11,6,3.356836851,48,17,-31,48,17,-38,1,0,0,0
0,T,Chicago,Green Bay,CHI,GB,NN,NN,A,0-0,0,1,0,0,0,0,0,0,0,1444,0,1.1108,0,0,0,0,0,1472,0,1.1323,1,1Green Bay,Green Bay,Chicago,7,9.05,4.88,3,4.58,10,9,3,11.01,3.15,-2.07,3.06,9.05,2.04,5,5.02,0.01,6.5,7.4,9.05,9.05,4.7,7.5,8.5,0.04,3.12,7.3,4.65,7.24,7,4.07,1.33,8.1,4.4,1,1.67,3,8,-6.7,12.75,4,3.18,4.5,1,9.64,4.05,2.55,8.5,-1,5.46,5.7,5.5,1.21,3.26,7.4,2.51,4.4,3.858417943,23,24,1,23,24,-6,0,0,0,0
0,T,Cincinnati,Indianapolis,CIN,IND,AN,AS,A,0-0,0,0,0,1,0,0,0,0,0,1475,0,1.1346,0,0,0,0,0,1407,0,1.0823,1,1Indianapolis,Indianapolis,Cincinnati,2,2.79,-3.39,0.25,-0.79,5,-9,-9,4.63,-0.3,-3.16,0.35,2.79,-2.41,-4.17,-9.14,-2,2,2.5,2.79,2.79,-0.8,2.5,1,-7.18,-0.67,2,-0.86,1.15,-2.8,-1.78,-2.41,0.7,-0.74,-5.4,-1.3,-1,-2,-2.8,-0.74,-0.9,1.99,3,-3.1,4.39,-3.8,1.85,3,-10,-0.84,0.86,0.31,-6.34,0.82,-0.9,1.09,2.06,3.554862762,34,23,-11,34,23,-13,1,0,0,0
0,T,Kansas City,LA Chargers,KC,LAC,AW,AW,A,0-0,0,1,0,0,0,0,0,0,0,1571,0,1.2085,0,0,0,0,0,1545,0,1.1885,1,1LA Chargers,LA Chargers,Kansas City,3.5,2.91,3.46,1,3.26,5,6,11,-4.9,4.12,5.58,3.77,2.91,3.47,11.36,5.14,4,3.5,3,2.91,2.91,2.3,3.5,3,10.05,3.83,3.1,2.99,3.85,3.3,1.65,3.6,5.9,3.46,3.9,7.05,1,-2,5.9,0.4,2.4,-0.8,0.01,-7.6,4.31,1.76,5.15,4.5,6,3.04,3.39,-1.46,4.11,2.68,4.6,3.11,3.09,3.416661184,38,28,-10,38,28,-13.5,1,0,0,0
0,T,Tennessee,Miami,TEN,MIA,AS,AE,A,0-0,0,0,0,1,0,0,0,0,0,1496,0,1.1508,0,0,0,0,0,1450,0,1.1154,1,1Miami,Miami,Tennessee,0,0.01,1.89,2,0.16,-2,-7,1,8.63,-0.26,-4.22,0.57,0.01,-0.38,-1.37,4.07,0.01,0,-0.9,0.01,0.01,2,-1.5,-2.5,-7.13,1.15,-0.3,-0.06,0.05,0.8,1.93,-0.45,0.4,0.01,2.2,1.01,1,2,-5.2,-1.24,2.3,0.49,1,-8.1,-0.37,-2.79,11.35,1,2,1.32,-0.68,-0.99,-0.17,-1.06,-3.3,1.02,-1.19,3.340925597,20,27,7,20,27,7,1,0,0,0
0,T,San Francisco,Minnesota,SF,MIN,NW,NN,A,0-0,0,0,0,1,0,0,0,0,0,1469,0,1.13,0,0,0,0,0,1602,0,1.2323,1,1Minnesota,Minnesota,San Francisco,6,8.7,14.81,9,8.58,6,20,11,6.28,9.56,5.61,7.47,8.7,15.48,7,7,7,6,5.7,8.7,8.7,9.2,6.5,4.5,9.75,9.58,5.3,8.78,7.84,8.7,12.97,12.12,9.1,8.7,16.1,11.14,7,11,-4.8,3.15,9.1,3.76,7.5,5.6,7.3,15.46,6.65,5.5,15,7.31,6.7,4.53,12.28,-0.18,8.9,5.94,6.5,3.888012537,16,24,8,16,24,2,0,0,0,0
0,T,Jacksonville,N.Y. Giants,JAX,NYG,AS,NE,A,0-0,0,0,0,1,0,0,0,0,0,1535,0,1.1808,0,0,0,0,0,1412,0,1.0862,1,1N.Y. Giants,N.Y. Giants,Jacksonville,-2.5,-0.68,-10.56,-1,-5.29,-1,-20,-4,1.39,-8.98,-7.78,-5.68,-0.68,-14.32,-13.5,-16.59,-9,-2.5,-2.3,-0.68,-0.68,-3.9,-3,-3.5,-11.22,-4.76,-1.6,-4.9,-0.65,-3.7,-6.36,-10.67,-0.4,-4,-12.3,-7.99,-3,-4,-10.5,0.01,-4.1,1.81,-3,-7.7,0.38,-10.67,-4.45,-1,-3,-1.55,-4.82,-8.52,-10.71,-4.89,-4,-2.27,-2.17,4.892617416,20,15,-5,20,15,-2.5,0,0,0,0
0,T,Houston,New England,HOU,NE,AS,AE,A,0-0,0,0,0,1,0,0,0,0,0,1398,0,1.0754,0,0,0,0,0,1651,0,1.27,1,1New England,New England,Houston,6.5,11.37,13.72,9,12.86,9,40,20,2.45,12.57,13.24,10.89,11.37,15.08,7,11.79,22,7.5,7.2,11.37,11.37,8.8,6,6.5,30.21,15.39,8.4,13.04,12.84,9.7,14.58,19.68,9.5,11.37,18,17.69,10,16,26.2,11.05,9.1,5.15,1.5,4.1,9.08,17.72,5.65,7.5,23,14.38,7.23,9.82,11.12,6.28,9.3,9.94,9.18,7.12546567,20,27,7,20,27,0.5,0,0,0,0
0,T,Tampa Bay,New Orleans,TB,NO,NS,NS,A,0-0,0,1,0,0,0,0,0,0,0,1469,0,1.13,0,0,0,0,0,1584,0,1.2185,1,1New Orleans,New Orleans,Tampa Bay,10,8.99,9.08,6,10.46,12,22,15,4.37,9.28,10.35,7.82,8.99,11.71,13.6,10.52,9,10,8.9,8.99,8.99,15.8,9.5,7,9.11,8.46,8.3,9.14,10.05,16.3,8.36,12.18,10,9.14,15.1,11.48,6,7,6.2,8.81,15.5,2.77,7.5,12.6,13.25,14.57,23.55,8.5,13,6.52,9.28,9.12,10.72,8.91,14.7,5.85,10.87,3.993154996,48,40,-8,48,40,-18,1,0,0,0
0,T,LA Rams,Oakland,LAR,OAK,NW,AW,A,0-0,0,0,0,1,0,0,0,0,0,1530,0,1.1769,0,0,0,0,0,1465,0,1.1269,1,1Oakland,Oakland,LA Rams,-4.5,-2.7,-6.15,2,-4.48,-2,-25,-12,6.89,-5.1,-2.21,-2.92,-2.7,-10.9,-15.17,-11.96,-5,-4.5,-3,-2.7,-2.7,-6.7,-4,-1,-5.86,-3.13,-1.9,-1.4,-1.55,-7.3,-4.81,-9.9,-1.1,-3.09,-12.1,-5.18,-2,-3,-7.2,-2.23,-6.9,-0.16,-1.5,-7.9,-0.75,-7.87,9,0.5,-17,-0.6,-4.41,-8.07,-5.44,-6.59,-7.9,-0.56,-1.17,5.723265282,33,13,-20,33,13,-15.5,0,0,0,0
0,T,Atlanta,Philadelphia,ATL,PHI,NS,NE,A,0-0,0,0,0,1,0,0,0,0,0,1601,0,1.2315,0,0,0,0,0,1647,0,1.2669,1,1Philadelphia,Philadelphia,Atlanta,0,4.94,6.63,4,5.79,6,8,8,4.92,7.26,4.13,6.22,4.94,7.38,7.32,9.31,7,1,3.8,4.94,4.94,0.6,1,4,10.57,5.18,5.1,6.51,5.05,1.4,4.86,8.82,4.5,5.18,5.6,7.92,5,4,9.8,7.76,-0.4,0.94,7.5,1.3,5.1,9.05,11.55,6,9,4.75,3.62,8.83,5.09,0.6,6.3,4.24,0.9,2.646399374,12,18,6,12,18,6,1,0,0,0
0,T,Atlanta,Carolina,ATL,CAR,NS,NS,H,0-1,1,1,1,0,0,1,0,0,0,1588,-0.0081,1.2215,1,0,0,1,2,1567,0.011,1.2054,2,2Atlanta,Atlanta,Carolina,6,2.31,2.47,0.25,3.26,6,14,6,6.1,4.05,3.11,3.83,2.4,0.52,3,6.56,9,5.5,2.3,0.45,3.28,4.7,6,5.5,6.56,4.39,-0.02,3.01,4.29,4.9,-1.63,2.32,4.7,3.39,2.1,5.7,-1,3,8.1,3.24,4.5,1.91,1.5,-1,5.56,3.66,-16.75,3.5,3,4.75,3.69,1.28,2.16,8.03,4.8,3.55,1.57,3.872870164,24,31,7,31,24,1,0,1,0,1
0,T,Buffalo,LA Chargers,BUF,LAC,AE,AW,H,0-1,1,0,0,0,0,1,0,0,0,1476,-0.0173,1.1354,0,1,0,0,0,1518,-0.0175,1.1677,2,2Buffalo,Buffalo,LA Chargers,-7.5,-2.59,1.01,1,-4.49,-6,-19,-7,-7.56,-3.95,-2.53,-1.5,-2.07,-11.91,-15,-7,-7,-7,-5.3,-0.51,-3.6,-5.5,-7,-7,-4.87,-0.87,-3.6,2.45,-2.81,-6.3,-2.65,-10.96,-6.6,-3.68,-8.2,-0.32,-3,-1,-6.3,-4.48,-5.7,0.6,0.01,1,-7.52,-6.4,-3.45,-3,-9,2.41,-3.76,-2.25,-10.13,-6.85,-8.5,-1.96,-1.63,4.318200854,31,20,-11,20,31,-3.5,0,1,0,1
0,T,Chicago,Seattle,CHI,SEA,NN,NW,H,0-1,1,0,0,0,0,1,0,0,0,1439,-0.0035,1.1069,0,1,0,0,0,1530,-0.0097,1.1769,2,2Chicago,Chicago,Seattle,4.5,0.49,3.56,-0.25,0.3,3,-6,-5,1.35,-1.48,0.1,0.19,-0.23,-0.19,0.01,-7.55,1,3.5,2,1.19,0.19,1.2,3.5,3,4.28,-0.75,1,-1.17,-0.1,1.1,-3.47,1.55,2.1,0.42,2.2,1.4,1,-6,3.2,-0.77,1.9,-1.9,0.01,-6.2,2.86,-2.56,7.65,3.5,-3,-1.3,0.35,-4.38,-0.9,4.92,3.6,0.84,1.4,2.604767246,17,24,7,24,17,2.5,0,1,0,1
0,T,Cincinnati,Baltimore,CIN,BAL,AN,AN,H,1-0,1,1,1,0,1,0,0,1,2,1499,0.017,1.1531,1,0,0,1,2,1562,0.0169,1.2015,2,2Cincinnati,Cincinnati,Baltimore,0,-1.15,-2.65,-1,-3.21,-2,-19,-4,-6.02,-3.86,-0.33,-1.56,-0.47,-10.9,-11.6,-14.38,-5,0,-0.6,0.74,-2.04,-0.7,-1,-2,-0.1,-2.8,-1.2,1.46,-2.21,-1,-0.56,-12.6,0.1,-2.09,-5.6,-3.29,-5,-2,-3.3,-3.83,-1,-0.27,-2,-3.5,-2.15,-5.73,-5.05,1,-8,3.02,-1.29,-4.56,-5.66,-0.04,-0.2,-1.85,-0.94,3.917184537,23,34,11,34,23,11,1,1,0,1
0,T,Dallas,N.Y. Giants,DAL,NYG,NE,NE,H,0-1,1,1,1,0,0,1,0,0,0,1530,-0.011,1.1769,0,1,0,0,0,1397,-0.0106,1.0746,2,2Dallas,Dallas,N.Y. Giants,3,5.65,9.14,4,7.17,5,21,5,9.27,10.46,6.25,8.5,5.97,9.37,4.1,2.53,14,4,3.7,5.05,5.95,5.3,3,3.5,13,9.38,4.5,9.58,5.69,5.4,6.79,8.34,5.3,6.08,7.2,12.92,4,6,11,7.24,5,3.4,7,1,8,14.04,-1.3,5,4,7.59,6.06,8.75,9.53,-1.46,4.3,6.09,4.67,3.694912575,13,20,7,20,13,4,0,1,0,1
0,T,Denver,Oakland,DEN,OAK,AW,AW,H,1-0,1,1,1,0,1,0,0,1,2,1465,0.0103,1.1269,0,1,0,0,0,1434,-0.0205,1.1031,2,2Denver,Denver,Oakland,6,5.43,7.89,-0.25,4.45,4,-2,3,7.97,2.08,8.09,2.54,4.94,0.01,-1.6,5.28,5,6,5.5,6.87,4.73,6.8,6,6,8.59,2.98,5.5,1.7,1.29,6,-0.11,5.3,4.9,4.89,8.8,12.04,4,5,8.7,4.34,6.1,0.64,4,5.2,4.95,-0.45,8.55,5,8,2.18,4.84,1.25,-1.27,3.81,3.9,3.71,3.64,3.05695167,19,20,1,20,19,-5,0,1,1,0
0,T,Green Bay,Minnesota,GB,MIN,NN,NN,H,1-0,1,1,1,0,1,0,0,1,2,1477,0.0034,1.1362,1,0,0,1,2,1612,0.0062,1.24,2,2Green Bay,Green Bay,Minnesota,-3,0.23,-6.37,-1,-3.36,1,-17,-7,-9.01,-4.11,-6.55,-1.89,0.54,-9.74,-7,-11.84,0.01,-3,-0.2,0.77,-0.03,-1.1,0,2,-11.11,-4.9,-0.5,-3.36,-0.01,0.1,-6.99,-6.48,0.6,-1.78,-5.7,-7.67,-1,1,-9.2,-3.06,-1.4,-0.15,-0.5,-8.5,3.48,-10.56,2.9,2.5,-7,-3.34,-2.31,-1.22,-6.98,-1.81,-0.2,-1.08,-1.67,4.373054208,29,29,0,29,29,3,1,1,1,0
0,T,Jacksonville,New England,JAX,NE,AS,AE,H,1-0,1,0,0,0,1,0,0,1,2,1549,0.0098,1.1915,1,0,0,1,2,1656,0.003,1.2738,2,2Jacksonville,Jacksonville,New England,-1.5,-1.89,1.39,-2,0.08,0.01,-7,3,-0.3,2.81,4.33,2.23,-2.64,1.98,3,5.85,-2,-1.5,-0.1,-0.57,-2.56,0.8,-1.5,-2.5,-2.62,-1.47,1.9,0.38,-1.61,-0.3,-2.25,-0.33,-1,-0.27,-2.7,0.13,1,-5,3.2,-0.24,1,-2.37,3,3.7,0.17,-2.87,6.45,-1,6,-1.38,-0.94,-1.05,-0.79,-1.18,-0.7,1.01,1.82,2.446378656,20,31,11,31,20,12.5,1,1,0,1
0,T,LA Rams,Arizona,LAR,ARI,NW,NW,H,1-0,1,1,1,0,1,0,0,1,2,1560,0.0196,1.2,0,1,0,0,0,1446,-0.0249,1.1123,2,2LA Rams,LA Rams,Arizona,12.5,12.26,3.91,3,10.67,17,23,6,13.76,10.92,9.34,9.01,11.43,7,7,16,12,12.5,12.9,12.71,12.07,11.9,13,13,9.54,6.34,13.3,5.11,10.99,13.9,10.78,20.26,12.3,11.94,19.1,17.01,7,5,14.6,11.97,12.9,1.04,6,1.7,15.03,12.56,-1.1,13.5,13,3.74,11.27,12.44,15.91,13.24,12.7,7.58,10.09,4.948721414,0,34,34,34,0,21.5,0,1,0,1
0,T,N.Y. Jets,Miami,NYJ,MIA,AE,AE,H,1-0,1,1,1,0,1,0,0,1,2,1485,0.037,1.1423,1,0,0,1,2,1469,0.0131,1.13,2,2N.Y. Jets,N.Y. Jets,Miami,2.5,4.22,6.75,2,4.89,5,7,14,11.25,4.2,6.79,3.85,3.13,3.06,8,6.1,5,2.5,3.8,5.25,3.89,5.1,3,3.5,7.12,2.5,4.7,1.66,0.39,5.8,-1.46,10.81,4.1,4.21,1.3,11.32,5,4,10.5,0.76,5.2,0.07,3,4.1,4.4,1.54,6.1,2.5,15,0.31,3.76,3.06,-0.35,-3.27,2.3,4.76,4.35,3.513324491,20,12,-8,12,20,-10.5,1,1,0,1
0,T,New Orleans,Cleveland,NO,CLE,NS,AN,H,0-1,1,0,0,0,0,1,0,0,0,1549,-0.0221,1.1915,0,0,1,0,0,1311,0.0069,1.0085,2,2New Orleans,New Orleans,Cleveland,9.5,8.73,14.33,11,12.97,8,39,22,11.83,14.82,10.63,12.17,10.37,15.67,7,7,14,9.5,6.6,5.82,10.34,12.7,9,9,18.16,16.9,4.7,21.08,13.09,12.8,7,17.9,8.6,12.08,18.1,11.71,10,13,9.4,9.23,12.4,6.08,10,10.5,9.3,18.79,12.15,8,19,21.04,12.02,15.43,10.4,7.49,15.4,8.21,7.56,5.671520651,18,21,3,21,18,-6.5,0,1,1,0
0,T,Pittsburgh,Kansas City,PIT,KC,AN,AW,H,0-0-1,1,0,0,0,0,0,1,0,0,1587,-0.0056,1.2208,1,0,0,1,2,1598,0.0172,1.2292,2,2Pittsburgh,Pittsburgh,Kansas City,4,2.97,6.38,3,3.15,4,3,3,-0.57,3.72,-1.02,3.37,3.89,7.35,10,10.39,3,4,3.4,1.5,3.6,4.4,4,4,2.47,2.01,1.7,5.74,5.69,4.2,10.44,1.2,6.3,3.18,-0.7,-3.75,3,1,-1.4,4,3.4,0.7,5,1.9,5.32,7.52,5.65,3.5,-1,4.64,3.37,1.24,11.18,3.46,5.5,2.19,1.85,2.786778734,42,37,-5,37,42,-9,1,1,0,1
0,T,San Francisco,Detroit,SF,DET,NW,NN,H,0-1,1,0,0,0,0,1,0,0,0,1460,-0.0068,1.1231,0,1,0,0,0,1470,-0.0348,1.1308,2,2San Francisco,San Francisco,Detroit,6,5.03,0.9,-0.25,4.26,11,6,-3,17.22,-0.61,8.49,0.27,3.98,-1.08,-2,-1.29,7,6,6.9,6.53,4.67,3.7,6,5.5,9.25,-1.57,7.4,1.24,5.09,4.4,-1.52,7.96,5.9,3.99,-2.5,12.74,4,-2,18.9,6.54,3.8,-0.98,-0.5,-2.3,9.3,2.53,15.55,6,-4,3.53,4,-2.94,-1.25,3.73,3.6,3.51,4.63,5.512719693,27,30,3,30,27,-3,0,1,0,1
0,T,Tampa Bay,Philadelphia,TB,PHI,NS,NE,H,1-0,1,0,0,0,1,0,0,1,2,1505,0.0238,1.1577,1,0,0,1,2,1660,0.0079,1.2769,2,2Tampa Bay,Tampa Bay,Philadelphia,-3.5,-2.92,-12.47,-1,-4.55,-5,-16,-9,-5,-5.64,-0.67,-3.6,-3.9,-9.63,-11,-7.81,-8,-3.5,-1.5,-0.81,-3.88,-2.3,-3.5,-3,-8.47,-4.66,0.1,-6.06,-4.61,-3.4,-7.04,-5.92,-2.5,-4.15,-5.5,0.4,0.01,-5,-4.4,-2.96,-1.3,-1.13,-3,-9.9,-3.47,-10.57,15.3,-1,-8,-3.22,-3.22,-6.06,-10.35,-2.15,-11.7,-1.18,-2.87,4.663347558,21,27,6,27,21,9.5,1,1,0,1
0,T,Tennessee,Houston,TEN,HOU,AS,AS,H,0-1,1,1,1,0,0,1,0,0,0,1476,-0.0127,1.1354,0,1,0,0,0,1393,-0.0036,1.0715,2,2Tennessee,Tennessee,Houston,-3.5,1.04,9.44,1,4.63,-1,20,16,10.13,5.15,3.89,4.64,1.55,6.53,7.13,13.68,5,-2,-0.01,1,1.03,0.2,-1,-2.5,14.45,6.1,-0.02,8.91,3.89,0.4,10.61,2.19,1.2,3.89,0.01,6.17,0.01,2,9.5,2.42,0.1,1.56,1.5,6.7,2.4,13.65,-6.5,0.01,16,8.58,3.91,1.43,6.48,-3.91,2.1,4.63,4.03,5.166132335,17,20,3,20,17,6.5,1,1,0,1
0,T,Washington,Indianapolis,WSH,IND,NE,AS,H,1-0,1,0,0,0,1,0,0,1,2,1509,0.0251,1.1608,0,1,0,0,0,1382,-0.0178,1.0631,2,2Washington,Washington,Indianapolis,6,7.77,4.49,5,9.08,7,26,11,15.16,7.19,10.08,6.33,6.84,7.38,10.9,-0.93,6,6,6.8,9.58,7.03,10.9,6,4.5,14.3,10.38,8.2,6.69,5.79,12.3,8.37,15.24,8.7,7.51,16.4,17.74,7,5,14.1,7.66,11.5,2.75,7.5,4.1,7.42,13.07,5.35,5.5,9,6.08,9.52,6.94,7.76,3.47,5.9,6.48,7.51,4.220114038,21,9,-12,9,21,-18,1,1,0,1
0,T,Carolina,Atlanta,CAR,ATL,NS,NS,A,1-0,0,1,0,0,1,0,0,1,2,1567,0.011,1.2054,0,1,0,0,0,1588,-0.0081,1.2215,2,2Atlanta,Atlanta,Carolina,6,2.31,2.47,0.25,3.26,6,14,6,6.1,4.05,3.11,3.83,2.4,0.52,3,6.56,9,5.5,2.3,0.45,3.28,4.7,6,5.5,6.56,4.39,-0.02,3.01,4.29,4.9,-1.63,2.32,4.7,3.39,2.1,5.7,-1,3,8.1,3.24,4.5,1.91,1.5,-1,5.56,3.66,-16.75,3.5,3,4.75,3.69,1.28,2.16,8.03,4.8,3.55,1.57,3.872870164,24,31,7,24,31,1,0,1,1,0
0,T,LA Chargers,Buffalo,LAC,BUF,AW,AE,A,0-1,0,0,0,1,0,1,0,0,0,1518,-0.0175,1.1677,0,1,0,0,0,1476,-0.0173,1.1354,2,2Buffalo,Buffalo,LA Chargers,-7.5,-2.59,1.01,1,-4.49,-6,-19,-7,-7.56,-3.95,-2.53,-1.5,-2.07,-11.91,-15,-7,-7,-7,-5.3,-0.51,-3.6,-5.5,-7,-7,-4.87,-0.87,-3.6,2.45,-2.81,-6.3,-2.65,-10.96,-6.6,-3.68,-8.2,-0.32,-3,-1,-6.3,-4.48,-5.7,0.6,0.01,1,-7.52,-6.4,-3.45,-3,-9,2.41,-3.76,-2.25,-10.13,-6.85,-8.5,-1.96,-1.63,4.318200854,31,20,-11,31,20,-3.5,0,1,1,0
0,T,Seattle,Chicago,SEA,CHI,NW,NN,A,0-1,0,0,0,1,0,1,0,0,0,1530,-0.0097,1.1769,0,1,0,0,0,1439,-0.0035,1.1069,2,2Chicago,Chicago,Seattle,4.5,0.49,3.56,-0.25,0.3,3,-6,-5,1.35,-1.48,0.1,0.19,-0.23,-0.19,0.01,-7.55,1,3.5,2,1.19,0.19,1.2,3.5,3,4.28,-0.75,1,-1.17,-0.1,1.1,-3.47,1.55,2.1,0.42,2.2,1.4,1,-6,3.2,-0.77,1.9,-1.9,0.01,-6.2,2.86,-2.56,7.65,3.5,-3,-1.3,0.35,-4.38,-0.9,4.92,3.6,0.84,1.4,2.604767246,17,24,7,17,24,2.5,0,1,0,1
0,T,Baltimore,Cincinnati,BAL,CIN,AN,AN,A,1-0,0,1,0,0,1,0,0,1,2,1562,0.0169,1.2015,1,0,0,1,2,1499,0.017,1.1531,2,2Cincinnati,Cincinnati,Baltimore,0,-1.15,-2.65,-1,-3.21,-2,-19,-4,-6.02,-3.86,-0.33,-1.56,-0.47,-10.9,-11.6,-14.38,-5,0,-0.6,0.74,-2.04,-0.7,-1,-2,-0.1,-2.8,-1.2,1.46,-2.21,-1,-0.56,-12.6,0.1,-2.09,-5.6,-3.29,-5,-2,-3.3,-3.83,-1,-0.27,-2,-3.5,-2.15,-5.73,-5.05,1,-8,3.02,-1.29,-4.56,-5.66,-0.04,-0.2,-1.85,-0.94,3.917184537,23,34,11,23,34,11,1,1,1,0
0,T,N.Y. Giants,Dallas,NYG,DAL,NE,NE,A,0-1,0,1,0,0,0,1,0,0,0,1397,-0.0106,1.0746,0,1,0,0,0,1530,-0.011,1.1769,2,2Dallas,Dallas,N.Y. Giants,3,5.65,9.14,4,7.17,5,21,5,9.27,10.46,6.25,8.5,5.97,9.37,4.1,2.53,14,4,3.7,5.05,5.95,5.3,3,3.5,13,9.38,4.5,9.58,5.69,5.4,6.79,8.34,5.3,6.08,7.2,12.92,4,6,11,7.24,5,3.4,7,1,8,14.04,-1.3,5,4,7.59,6.06,8.75,9.53,-1.46,4.3,6.09,4.67,3.694912575,13,20,7,13,20,4,0,1,1,0
0,T,Oakland,Denver,OAK,DEN,AW,AW,A,0-1,0,1,0,0,0,1,0,0,0,1434,-0.0205,1.1031,1,0,0,1,2,1465,0.0103,1.1269,2,2Denver,Denver,Oakland,6,5.43,7.89,-0.25,4.45,4,-2,3,7.97,2.08,8.09,2.54,4.94,0.01,-1.6,5.28,5,6,5.5,6.87,4.73,6.8,6,6,8.59,2.98,5.5,1.7,1.29,6,-0.11,5.3,4.9,4.89,8.8,12.04,4,5,8.7,4.34,6.1,0.64,4,5.2,4.95,-0.45,8.55,5,8,2.18,4.84,1.25,-1.27,3.81,3.9,3.71,3.64,3.05695167,19,20,1,19,20,-5,0,1,1,0
0,T,Minnesota,Green Bay,MIN,GB,NN,NN,A,1-0,0,1,0,0,1,0,0,1,2,1612,0.0062,1.24,1,0,0,1,2,1477,0.0034,1.1362,2,2Green Bay,Green Bay,Minnesota,-3,0.23,-6.37,-1,-3.36,1,-17,-7,-9.01,-4.11,-6.55,-1.89,0.54,-9.74,-7,-11.84,0.01,-3,-0.2,0.77,-0.03,-1.1,0,2,-11.11,-4.9,-0.5,-3.36,-0.01,0.1,-6.99,-6.48,0.6,-1.78,-5.7,-7.67,-1,1,-9.2,-3.06,-1.4,-0.15,-0.5,-8.5,3.48,-10.56,2.9,2.5,-7,-3.34,-2.31,-1.22,-6.98,-1.81,-0.2,-1.08,-1.67,4.373054208,29,29,0,29,29,3,1,1,1,0
0,T,New England,Jacksonville,NE,JAX,AE,AS,A,1-0,0,0,0,1,1,0,0,1,2,1656,0.003,1.2738,1,0,0,1,2,1549,0.0098,1.1915,2,2Jacksonville,Jacksonville,New England,-1.5,-1.89,1.39,-2,0.08,0.01,-7,3,-0.3,2.81,4.33,2.23,-2.64,1.98,3,5.85,-2,-1.5,-0.1,-0.57,-2.56,0.8,-1.5,-2.5,-2.62,-1.47,1.9,0.38,-1.61,-0.3,-2.25,-0.33,-1,-0.27,-2.7,0.13,1,-5,3.2,-0.24,1,-2.37,3,3.7,0.17,-2.87,6.45,-1,6,-1.38,-0.94,-1.05,-0.79,-1.18,-0.7,1.01,1.82,2.446378656,20,31,11,20,31,12.5,1,1,1,0
0,T,Arizona,LA Rams,ARI,LAR,NW,NW,A,0-1,0,1,0,0,0,1,0,0,0,1446,-0.0249,1.1123,1,0,0,1,2,1560,0.0196,1.2,2,2LA Rams,LA Rams,Arizona,12.5,12.26,3.91,3,10.67,17,23,6,13.76,10.92,9.34,9.01,11.43,7,7,16,12,12.5,12.9,12.71,12.07,11.9,13,13,9.54,6.34,13.3,5.11,10.99,13.9,10.78,20.26,12.3,11.94,19.1,17.01,7,5,14.6,11.97,12.9,1.04,6,1.7,15.03,12.56,-1.1,13.5,13,3.74,11.27,12.44,15.91,13.24,12.7,7.58,10.09,4.948721414,0,34,34,0,34,21.5,0,1,1,0
0,T,Miami,N.Y. Jets,MIA,NYJ,AE,AE,A,1-0,0,1,0,0,1,0,0,1,2,1469,0.0131,1.13,1,0,0,1,2,1485,0.037,1.1423,2,2N.Y. Jets,N.Y. Jets,Miami,2.5,4.22,6.75,2,4.89,5,7,14,11.25,4.2,6.79,3.85,3.13,3.06,8,6.1,5,2.5,3.8,5.25,3.89,5.1,3,3.5,7.12,2.5,4.7,1.66,0.39,5.8,-1.46,10.81,4.1,4.21,1.3,11.32,5,4,10.5,0.76,5.2,0.07,3,4.1,4.4,1.54,6.1,2.5,15,0.31,3.76,3.06,-0.35,-3.27,2.3,4.76,4.35,3.513324491,20,12,-8,20,12,-10.5,1,1,1,0
0,T,Cleveland,New Orleans,CLE,NO,AN,NS,A,0-0-1,0,0,0,1,0,0,1,0,0,1311,0.0069,1.0085,0,1,0,0,0,1549,-0.0221,1.1915,2,2New Orleans,New Orleans,Cleveland,9.5,8.73,14.33,11,12.97,8,39,22,11.83,14.82,10.63,12.17,10.37,15.67,7,7,14,9.5,6.6,5.82,10.34,12.7,9,9,18.16,16.9,4.7,21.08,13.09,12.8,7,17.9,8.6,12.08,18.1,11.71,10,13,9.4,9.23,12.4,6.08,10,10.5,9.3,18.79,12.15,8,19,21.04,12.02,15.43,10.4,7.49,15.4,8.21,7.56,5.671520651,18,21,3,18,21,-6.5,0,1,1,0
0,T,Kansas City,Pittsburgh,KC,PIT,AW,AN,A,1-0,0,0,0,1,1,0,0,1,2,1598,0.0172,1.2292,0,0,1,0,0,1587,-0.0056,1.2208,2,2Pittsburgh,Pittsburgh,Kansas City,4,2.97,6.38,3,3.15,4,3,3,-0.57,3.72,-1.02,3.37,3.89,7.35,10,10.39,3,4,3.4,1.5,3.6,4.4,4,4,2.47,2.01,1.7,5.74,5.69,4.2,10.44,1.2,6.3,3.18,-0.7,-3.75,3,1,-1.4,4,3.4,0.7,5,1.9,5.32,7.52,5.65,3.5,-1,4.64,3.37,1.24,11.18,3.46,5.5,2.19,1.85,2.786778734,42,37,-5,42,37,-9,1,1,0,1
0,T,Detroit,San Francisco,DET,SF,NN,NW,A,0-1,0,0,0,1,0,1,0,0,0,1470,-0.0348,1.1308,0,1,0,0,0,1460,-0.0068,1.1231,2,2San Francisco,San Francisco,Detroit,6,5.03,0.9,-0.25,4.26,11,6,-3,17.22,-0.61,8.49,0.27,3.98,-1.08,-2,-1.29,7,6,6.9,6.53,4.67,3.7,6,5.5,9.25,-1.57,7.4,1.24,5.09,4.4,-1.52,7.96,5.9,3.99,-2.5,12.74,4,-2,18.9,6.54,3.8,-0.98,-0.5,-2.3,9.3,2.53,15.55,6,-4,3.53,4,-2.94,-1.25,3.73,3.6,3.51,4.63,5.512719693,27,30,3,27,30,-3,0,1,1,0
0,T,Philadelphia,Tampa Bay,PHI,TB,NE,NS,A,1-0,0,0,0,1,1,0,0,1,2,1660,0.0079,1.2769,1,0,0,1,2,1505,0.0238,1.1577,2,2Tampa Bay,Tampa Bay,Philadelphia,-3.5,-2.92,-12.47,-1,-4.55,-5,-16,-9,-5,-5.64,-0.67,-3.6,-3.9,-9.63,-11,-7.81,-8,-3.5,-1.5,-0.81,-3.88,-2.3,-3.5,-3,-8.47,-4.66,0.1,-6.06,-4.61,-3.4,-7.04,-5.92,-2.5,-4.15,-5.5,0.4,0.01,-5,-4.4,-2.96,-1.3,-1.13,-3,-9.9,-3.47,-10.57,15.3,-1,-8,-3.22,-3.22,-6.06,-10.35,-2.15,-11.7,-1.18,-2.87,4.663347558,21,27,6,21,27,9.5,1,1,1,0
0,T,Houston,Tennessee,HOU,TEN,AS,AS,A,0-1,0,1,0,0,0,1,0,0,0,1393,-0.0036,1.0715,0,1,0,0,0,1476,-0.0127,1.1354,2,2Tennessee,Tennessee,Houston,-3.5,1.04,9.44,1,4.63,-1,20,16,10.13,5.15,3.89,4.64,1.55,6.53,7.13,13.68,5,-2,-0.01,1,1.03,0.2,-1,-2.5,14.45,6.1,-0.02,8.91,3.89,0.4,10.61,2.19,1.2,3.89,0.01,6.17,0.01,2,9.5,2.42,0.1,1.56,1.5,6.7,2.4,13.65,-6.5,0.01,16,8.58,3.91,1.43,6.48,-3.91,2.1,4.63,4.03,5.166132335,17,20,3,17,20,6.5,1,1,0,1
0,T,Indianapolis,Washington,IND,WSH,AS,NE,A,0-1,0,0,0,1,0,1,0,0,0,1382,-0.0178,1.0631,1,0,0,1,2,1509,0.0251,1.1608,2,2Washington,Washington,Indianapolis,6,7.77,4.49,5,9.08,7,26,11,15.16,7.19,10.08,6.33,6.84,7.38,10.9,-0.93,6,6,6.8,9.58,7.03,10.9,6,4.5,14.3,10.38,8.2,6.69,5.79,12.3,8.37,15.24,8.7,7.51,16.4,17.74,7,5,14.1,7.66,11.5,2.75,7.5,4.1,7.42,13.07,5.35,5.5,9,6.08,9.52,6.94,7.76,3.47,5.9,6.48,7.51,4.220114038,21,9,-12,21,9,-18,1,1,1,0
0,T,Arizona,Chicago,ARI,CHI,NW,NN,H,0-2,1,0,0,0,0,2,0,0,0,1428,-0.0118,1.0985,1,1,0,1,3,1462,0.016,1.1246,3,3Arizona,Arizona,Chicago,-5.5,-2.1,4.34,1,-1.78,-4,7.5,3,-3.03,2.86,-8.39,3.03,-1.63,0.38,2.33,-3.69,-4,-5,-4.1,-2.88,-1.73,-1.6,-5.5,-5.5,-0.23,-1.55,-2.2,-10.33,-1.15,-2.3,3.61,-10.74,-1,-1.95,-6,-9.18,-4,4,-6.4,-2.5,-2.8,1.6,3.5,7.8,-1.95,-3.97,-11.8,-5,1,11.88,-5.43,3.94,0.84,-9.02,-4.1,-0.34,-1.59,4.534722284,16,14,-2,14,16,3.5,0,2,1,1
0,T,Atlanta,New Orleans,ATL,NO,NS,NS,H,1-1,1,1,1,0,1,1,0,1,3,1603,0.0094,1.2331,1,1,0,1,3,1553,0.0026,1.1946,3,3Atlanta,Atlanta,New Orleans,2,4.5,2.5,1,4.56,5,21.5,6,8.49,1.1,9.45,1.53,3.48,3.38,3,5.69,8,2,4.6,4.71,4.43,3.5,3,3.5,10.57,4.15,6.2,4.45,3.46,3.5,3.18,6.8,3.7,3.96,10.9,9.73,-3,1,10.5,5.14,3.7,1.47,-1,-6,5.13,4.1,-9.15,3,-3,4.88,3.96,-3.89,1.67,2.31,3,3.81,4.26,7.46557409,43,37,-6,37,43,-8,1,2,1,1
0,T,Baltimore,Denver,BAL,DEN,AN,AW,H,1-1,1,0,0,0,1,1,0,1,3,1537,-0.016,1.1823,2,0,0,1,3,1470,0.0034,1.1308,3,3Baltimore,Baltimore,Denver,5.5,5.78,7.33,5,8.96,4,10,7,12.59,11.21,9.75,8.79,3.79,7,7,7,13,6,5.6,2.59,7.48,5.9,5.5,4.5,9.34,8.99,6.3,-2.71,6.33,6.9,7.84,13.57,6.4,7.66,8.4,13.44,9,8,12.7,4.15,6.6,2.63,2,4.3,10.9,15.38,14.1,6,26,5.73,8.92,8.63,13.38,4.45,7.4,7.66,5.69,5.614578469,14,27,13,27,14,7.5,0,2,1,1
0,T,Carolina,Cincinnati,CAR,CIN,NS,AN,H,1-1,1,0,0,0,1,1,0,1,3,1552,-0.0096,1.1938,2,0,0,1,3,1524,0.0167,1.1723,3,3Carolina,Carolina,Cincinnati,2.5,3.33,8.48,3,3,4,1,7,5.6,7.15,-2.18,5.7,2.3,11.14,12.33,8.96,4,2.5,1.4,-0.13,4.67,5.2,3,3,5,6.9,-0.2,-3.88,6.18,4.1,10.31,1.32,3.2,4,6.3,-3.16,2,5,2.6,2.93,5.2,1.97,8,-1.8,2.73,11.26,-14.65,2,8,9.91,-0.08,6.76,5.84,1.09,3,3.31,3.28,5.58180777,21,31,10,31,21,7.5,0,2,1,1
0,T,Cleveland,N.Y. Jets,CLE,NYJ,AN,AE,H,0-1-1,1,0,0,0,0,1,1,0,0,1307,-0.0031,1.0054,1,1,0,1,3,1457,-0.0189,1.1208,3,3Cleveland,Cleveland,N.Y. Jets,3,-0.08,-2.66,-1,-0.08,4,-17,-1,-4.99,-0.81,-0.76,-0.13,0.03,1.38,0.16,-2.5,0.01,2.5,3.6,-0.43,0.07,0.1,3,3,-2.53,-2.54,4.3,-1.26,6.72,0.3,-0.95,-6.91,3.5,-0.08,-3.5,-0.74,0.01,-3,2.9,4.04,0.6,-0.68,1,-6.2,3.79,-7.99,9.95,2.5,-6,-1.27,2.18,-2,3.04,-0.24,1.6,-0.34,1.3,5.606087582,17,21,4,21,17,1,0,2,1,1
0,T,Detroit,New England,DET,NE,NN,AE,H,0-2,1,0,0,0,0,2,0,0,0,1459,-0.0075,1.1223,1,1,0,1,3,1628,-0.0169,1.2523,3,3Detroit,Detroit,New England,-6.5,-4.83,-5.06,-5,-5.26,-7,-16,-6,-11.35,-1.36,-5.95,-1.01,-5.76,-5.9,-2.67,-10.15,-7,-6.5,-5.8,-5.21,-5.65,-3.3,-6.5,-6.5,-6.73,-4.33,-5.1,-10.33,-6.01,-4.3,-4.36,-9.38,-5.8,-5.28,-5.1,-10.99,-6,-7,-3.9,-4.33,-3.2,-1.96,5.5,-3.1,-3.87,-6.88,-12.4,-4,-8,-5.28,-8.54,-1.32,-6,-6.96,-6.1,-2.55,-2.98,5.970379816,10,26,16,26,10,22.5,1,2,1,1
0,T,Houston,N.Y. Giants,HOU,NYG,AS,NE,H,0-2,1,0,0,0,0,2,0,0,0,1385,-0.0057,1.0654,0,2,0,0,0,1388,-0.0064,1.0677,3,3Houston,Houston,N.Y. Giants,6.5,3.9,5.87,3,3.37,5,4,2,-1.58,5.6,2.46,5.66,3.39,6.8,6.78,5.34,5,6,6.2,3.46,4.07,5.4,6,6,-3.26,2.56,6.5,7.82,1.83,5.4,-1.86,0.37,5.4,3.9,-1.2,8.36,3,4,0.5,3.54,5.1,0.97,8.5,-1,7.04,5.3,2.8,6.5,7,-4.45,3.99,7.75,7.44,2.59,4.1,2.73,3.21,3.591176223,27,22,-5,22,27,-11.5,1,2,0,2
0,T,Jacksonville,Tennessee,JAX,TEN,AS,AS,H,2-0,1,1,1,0,2,0,0,1,3,1578,0.0181,1.2138,1,1,0,1,3,1484,0.0054,1.1415,3,3Jacksonville,Jacksonville,Tennessee,10,7.21,10.1,7,9.99,10,22,20,12.18,10.23,11.54,8.29,7.11,11.81,13.3,7,10,10,8.4,7.9,7.06,10.4,6.5,9,14.93,8.75,10.3,9.88,6.81,10.1,7.7,13.14,7.1,10,13.8,11.06,11,9,13.8,7.06,11.2,1.48,3.5,1,10.45,13.79,15.75,6.5,26,6.69,5.85,7.34,7.09,9.43,6,6.65,7.32,4.598949646,9,6,-3,6,9,-13,1,2,1,1
0,T,Kansas City,San Francisco,KC,SF,AW,NW,H,2-0,1,0,0,0,2,0,0,1,3,1619,0.0131,1.2454,1,1,0,1,3,1471,0.0075,1.1315,3,3Kansas City,Kansas City,San Francisco,5.5,7.35,3.69,9,7.78,7,13,1,4.91,8.16,11.99,6.83,7.76,5.16,-1.19,2.75,5,5.5,7.4,8.44,7.03,9.5,6.5,4,7.36,7.18,8.3,10.67,2.5,9.4,2.14,12.16,6.5,7.18,14.8,16.2,8,11,6.2,3.84,9.9,3.95,6.5,8.3,5.25,3.43,12.75,5.5,-2,4.41,10.94,6.96,1.79,-0.47,4.9,6.5,7.18,6.364677261,27,38,11,38,27,5.5,0,2,0,2
0,T,LA Rams,LA Chargers,LAR,LAC,NW,AW,H,2-0,1,0,0,0,2,0,0,1,3,1578,0.0109,1.2138,1,1,0,1,3,1545,0.0178,1.1885,3,3LA Rams,LA Rams,LA Chargers,7,6.76,1.04,4,7.38,9,30,-1,9.46,3.8,10.28,3.34,5.86,9.01,8.33,7.58,9,7,9.4,6.47,6.97,6.7,7,7,4.59,3.1,11.8,9.65,5.81,7.3,7.28,16.4,9.7,7,13.8,7.12,6,4,11.6,5.8,7.3,1.44,7,5,8.53,9.06,19,7,3,5.98,8.3,8.69,8.92,7.59,9.8,5.56,6.67,5.343013942,23,35,12,35,23,5,0,2,1,1
0,T,Miami,Oakland,MIA,OAK,AE,AW,H,2-0,1,0,0,0,2,0,0,1,3,1497,0.0191,1.1515,0,2,0,0,0,1430,-0.0035,1.1,3,3Miami,Miami,Oakland,3,5.49,4.84,4,6.33,1,15,1,9.75,1.31,11.13,1.86,6.3,6.84,5,6.67,7,3,5.1,8.84,3.99,7.8,3.5,3,10.1,5.48,7.3,23.27,1.31,6.8,3.61,9.1,3.5,5.49,10.9,16.48,2,2,10.7,0.81,8.2,1.34,2.5,1.7,5.86,10.96,7.75,5.5,4,7.92,4.99,0.75,3.83,0.52,3.7,4.12,4.46,4.499436613,20,28,8,28,20,5,0,2,1,1
0,T,Minnesota,Buffalo,MIN,BUF,NN,AE,H,1-0-1,1,0,0,0,1,0,1,1,3,1609,-0.0019,1.2377,0,2,0,0,0,1449,-0.0183,1.1146,3,3Minnesota,Minnesota,Buffalo,16.5,12.8,16.3,8,14.2,18,33,16,19.37,10.23,15.53,7.75,12.83,7,7,7,18,16.5,16,12.13,13.17,16,16.5,16,17.76,11.81,15.5,20.04,15.6,16.3,14.28,23.29,17,14.18,19.2,14.18,11,9,16.6,13.5,16.2,3.23,9,6.5,18.47,18.02,14.7,12,22,11.55,12.39,7.28,7,17.14,17,8.94,11,7.019655488,27,6,-21,6,27,-37.5,1,2,1,1
0,T,Philadelphia,Indianapolis,PHI,IND,NE,AS,H,1-1,1,0,0,0,1,1,0,1,3,1634,-0.0151,1.2569,1,1,0,1,3,1424,0.0304,1.0954,3,3Philadelphia,Philadelphia,Indianapolis,6.5,7.44,14.38,7,11.12,11,22,20,20.38,15.74,8.83,12.8,7.79,15.01,11.81,14.83,18,7,7.3,4.73,8.96,12.3,6.5,6.5,23.52,15.39,8.1,2.61,9.61,14.4,13.14,14.52,9,10.79,8.6,10.18,8,12,14.7,8.58,11.9,4.69,12,3.6,8.57,18.02,-11.4,8,19,20.74,4.55,14.56,13.46,4.58,7.7,8.47,8.28,6.281115955,16,20,4,20,16,-2.5,0,2,1,1
0,T,Seattle,Dallas,SEA,DAL,NW,NE,H,0-2,1,0,0,0,0,2,0,0,0,1507,-0.015,1.1592,1,1,0,1,3,1539,0.0059,1.1838,3,3Seattle,Seattle,Dallas,0,1,2.41,0.25,0.81,0.01,-9.5,-10,0.44,3.52,1.35,3.35,0.63,7.97,10.79,-1.97,2,0,1.2,0.03,1.33,3.7,1.5,-1,-3.51,1.1,1.5,-5.51,-0.74,3.2,3.47,-1.36,1.9,1.33,-1.6,1.14,3,2,0.8,-0.22,3.7,0.85,2.5,4.6,1.34,9.5,2.9,1.5,-8,-1.99,-1.1,2.75,4.89,-1.02,0.8,2.04,1.83,5.056937229,13,24,11,24,13,11,1,2,0,2
0,T,Tampa Bay,Pittsburgh,TB,PIT,NS,AN,H,2-0,1,0,0,0,2,0,0,1,3,1530,0.0166,1.1769,0,1,1,0,0,1566,-0.0132,1.2046,3,3Tampa Bay,Tampa Bay,Pittsburgh,1,1.56,-5.47,2,1.9,0.01,11,-7,8.15,-2.67,10.73,-1.06,2.22,-2.21,-3.53,-3.88,7,1,1.9,5.97,-0.3,-5.2,-1.5,-2,11.86,1.79,4.9,14.22,-2.58,-5.3,0.28,6.02,-1.2,1.56,7.8,8.77,0.01,-4,11.6,-2.38,-3.9,-0.09,0.01,-16.2,-1.04,0.92,10.05,-1,-2,2.84,2.55,-1.95,-6.23,3.2,-0.4,2.04,2.86,6.039057126,30,27,-3,27,30,-4,1,2,1,1
0,T,Washington,Green Bay,WSH,GB,NE,NN,H,1-1,1,0,0,0,1,1,0,1,3,1466,-0.0279,1.1277,1,0,1,1,3,1480,0.002,1.1385,3,3Washington,Washington,Green Bay,-2,-1.41,-4.58,1,0.9,-4,10,2,5.94,3.85,0.83,3.6,-2.22,-1.17,0.58,-10.38,-4,-1.5,-1.6,-1.98,-1.15,2.1,-3,-3,1.15,1.45,-0.2,0.28,-6.76,-0.2,-1.01,0.91,0.6,0.83,9.1,1.67,0.01,1,2.3,-1.26,2.2,0.4,3.5,10.5,0.65,-1.37,1.15,-2,-1,5.32,-0.24,3.38,-0.52,-3.63,-2,3.09,1.52,4.451033527,17,31,14,31,17,16,1,2,1,1
0,T,Chicago,Arizona,CHI,ARI,NN,NW,A,1-1,0,0,0,1,1,1,0,1,3,1462,0.016,1.1246,0,2,0,0,0,1428,-0.0118,1.0985,3,3Arizona,Arizona,Chicago,-5.5,-2.1,4.34,1,-1.78,-4,7.5,3,-3.03,2.86,-8.39,3.03,-1.63,0.38,2.33,-3.69,-4,-5,-4.1,-2.88,-1.73,-1.6,-5.5,-5.5,-0.23,-1.55,-2.2,-10.33,-1.15,-2.3,3.61,-10.74,-1,-1.95,-6,-9.18,-4,4,-6.4,-2.5,-2.8,1.6,3.5,7.8,-1.95,-3.97,-11.8,-5,1,11.88,-5.43,3.94,0.84,-9.02,-4.1,-0.34,-1.59,4.534722284,16,14,-2,16,14,3.5,0,2,1,1
0,T,New Orleans,Atlanta,NO,ATL,NS,NS,A,1-1,0,1,0,0,1,1,0,1,3,1553,0.0026,1.1946,1,1,0,1,3,1603,0.0094,1.2331,3,3Atlanta,Atlanta,New Orleans,2,4.5,2.5,1,4.56,5,21.5,6,8.49,1.1,9.45,1.53,3.48,3.38,3,5.69,8,2,4.6,4.71,4.43,3.5,3,3.5,10.57,4.15,6.2,4.45,3.46,3.5,3.18,6.8,3.7,3.96,10.9,9.73,-3,1,10.5,5.14,3.7,1.47,-1,-6,5.13,4.1,-9.15,3,-3,4.88,3.96,-3.89,1.67,2.31,3,3.81,4.26,7.46557409,43,37,-6,43,37,-8,1,2,2,0
0,T,Denver,Baltimore,DEN,BAL,AW,AN,A,2-0,0,0,0,1,2,0,0,1,3,1470,0.0034,1.1308,1,1,0,1,3,1537,-0.016,1.1823,3,3Baltimore,Baltimore,Denver,5.5,5.78,7.33,5,8.96,4,10,7,12.59,11.21,9.75,8.79,3.79,7,7,7,13,6,5.6,2.59,7.48,5.9,5.5,4.5,9.34,8.99,6.3,-2.71,6.33,6.9,7.84,13.57,6.4,7.66,8.4,13.44,9,8,12.7,4.15,6.6,2.63,2,4.3,10.9,15.38,14.1,6,26,5.73,8.92,8.63,13.38,4.45,7.4,7.66,5.69,5.614578469,14,27,13,14,27,7.5,0,2,2,0
0,T,Cincinnati,Carolina,CIN,CAR,AN,NS,A,2-0,0,0,0,1,2,0,0,1,3,1524,0.0167,1.1723,1,1,0,1,3,1552,-0.0096,1.1938,3,3Carolina,Carolina,Cincinnati,2.5,3.33,8.48,3,3,4,1,7,5.6,7.15,-2.18,5.7,2.3,11.14,12.33,8.96,4,2.5,1.4,-0.13,4.67,5.2,3,3,5,6.9,-0.2,-3.88,6.18,4.1,10.31,1.32,3.2,4,6.3,-3.16,2,5,2.6,2.93,5.2,1.97,8,-1.8,2.73,11.26,-14.65,2,8,9.91,-0.08,6.76,5.84,1.09,3,3.31,3.28,5.58180777,21,31,10,21,31,7.5,0,2,1,1
0,T,N.Y. Jets,Cleveland,NYJ,CLE,AE,AN,A,1-1,0,0,0,1,1,1,0,1,3,1457,-0.0189,1.1208,0,1,1,0,0,1307,-0.0031,1.0054,3,3Cleveland,Cleveland,N.Y. Jets,3,-0.08,-2.66,-1,-0.08,4,-17,-1,-4.99,-0.81,-0.76,-0.13,0.03,1.38,0.16,-2.5,0.01,2.5,3.6,-0.43,0.07,0.1,3,3,-2.53,-2.54,4.3,-1.26,6.72,0.3,-0.95,-6.91,3.5,-0.08,-3.5,-0.74,0.01,-3,2.9,4.04,0.6,-0.68,1,-6.2,3.79,-7.99,9.95,2.5,-6,-1.27,2.18,-2,3.04,-0.24,1.6,-0.34,1.3,5.606087582,17,21,4,17,21,1,0,2,1,1
0,T,New England,Detroit,NE,DET,AE,NN,A,1-1,0,0,0,1,1,1,0,1,3,1628,-0.0169,1.2523,0,2,0,0,0,1459,-0.0075,1.1223,3,3Detroit,Detroit,New England,-6.5,-4.83,-5.06,-5,-5.26,-7,-16,-6,-11.35,-1.36,-5.95,-1.01,-5.76,-5.9,-2.67,-10.15,-7,-6.5,-5.8,-5.21,-5.65,-3.3,-6.5,-6.5,-6.73,-4.33,-5.1,-10.33,-6.01,-4.3,-4.36,-9.38,-5.8,-5.28,-5.1,-10.99,-6,-7,-3.9,-4.33,-3.2,-1.96,5.5,-3.1,-3.87,-6.88,-12.4,-4,-8,-5.28,-8.54,-1.32,-6,-6.96,-6.1,-2.55,-2.98,5.970379816,10,26,16,10,26,22.5,1,2,1,1
0,T,N.Y. Giants,Houston,NYG,HOU,NE,AS,A,0-2,0,0,0,1,0,2,0,0,0,1388,-0.0064,1.0677,0,2,0,0,0,1385,-0.0057,1.0654,3,3Houston,Houston,N.Y. Giants,6.5,3.9,5.87,3,3.37,5,4,2,-1.58,5.6,2.46,5.66,3.39,6.8,6.78,5.34,5,6,6.2,3.46,4.07,5.4,6,6,-3.26,2.56,6.5,7.82,1.83,5.4,-1.86,0.37,5.4,3.9,-1.2,8.36,3,4,0.5,3.54,5.1,0.97,8.5,-1,7.04,5.3,2.8,6.5,7,-4.45,3.99,7.75,7.44,2.59,4.1,2.73,3.21,3.591176223,27,22,-5,27,22,-11.5,1,2,1,1
0,T,Tennessee,Jacksonville,TEN,JAX,AS,AS,A,1-1,0,1,0,0,1,1,0,1,3,1484,0.0054,1.1415,2,0,0,1,3,1578,0.0181,1.2138,3,3Jacksonville,Jacksonville,Tennessee,10,7.21,10.1,7,9.99,10,22,20,12.18,10.23,11.54,8.29,7.11,11.81,13.3,7,10,10,8.4,7.9,7.06,10.4,6.5,9,14.93,8.75,10.3,9.88,6.81,10.1,7.7,13.14,7.1,10,13.8,11.06,11,9,13.8,7.06,11.2,1.48,3.5,1,10.45,13.79,15.75,6.5,26,6.69,5.85,7.34,7.09,9.43,6,6.65,7.32,4.598949646,9,6,-3,9,6,-13,1,2,1,1
0,T,San Francisco,Kansas City,SF,KC,NW,AW,A,1-1,0,0,0,1,1,1,0,1,3,1471,0.0075,1.1315,2,0,0,1,3,1619,0.0131,1.2454,3,3Kansas City,Kansas City,San Francisco,5.5,7.35,3.69,9,7.78,7,13,1,4.91,8.16,11.99,6.83,7.76,5.16,-1.19,2.75,5,5.5,7.4,8.44,7.03,9.5,6.5,4,7.36,7.18,8.3,10.67,2.5,9.4,2.14,12.16,6.5,7.18,14.8,16.2,8,11,6.2,3.84,9.9,3.95,6.5,8.3,5.25,3.43,12.75,5.5,-2,4.41,10.94,6.96,1.79,-0.47,4.9,6.5,7.18,6.364677261,27,38,11,27,38,5.5,0,2,1,1
0,T,LA Chargers,LA Rams,LAC,LAR,AW,NW,A,1-1,0,0,0,1,1,1,0,1,3,1545,0.0178,1.1885,2,0,0,1,3,1578,0.0109,1.2138,3,3LA Rams,LA Rams,LA Chargers,7,6.76,1.04,4,7.38,9,30,-1,9.46,3.8,10.28,3.34,5.86,9.01,8.33,7.58,9,7,9.4,6.47,6.97,6.7,7,7,4.59,3.1,11.8,9.65,5.81,7.3,7.28,16.4,9.7,7,13.8,7.12,6,4,11.6,5.8,7.3,1.44,7,5,8.53,9.06,19,7,3,5.98,8.3,8.69,8.92,7.59,9.8,5.56,6.67,5.343013942,23,35,12,23,35,5,0,2,1,1
0,T,Oakland,Miami,OAK,MIA,AW,AE,A,0-2,0,0,0,1,0,2,0,0,0,1430,-0.0035,1.1,2,0,0,1,3,1497,0.0191,1.1515,3,3Miami,Miami,Oakland,3,5.49,4.84,4,6.33,1,15,1,9.75,1.31,11.13,1.86,6.3,6.84,5,6.67,7,3,5.1,8.84,3.99,7.8,3.5,3,10.1,5.48,7.3,23.27,1.31,6.8,3.61,9.1,3.5,5.49,10.9,16.48,2,2,10.7,0.81,8.2,1.34,2.5,1.7,5.86,10.96,7.75,5.5,4,7.92,4.99,0.75,3.83,0.52,3.7,4.12,4.46,4.499436613,20,28,8,20,28,5,0,2,1,1
0,T,Buffalo,Minnesota,BUF,MIN,AE,NN,A,0-2,0,0,0,1,0,2,0,0,0,1449,-0.0183,1.1146,1,0,1,1,3,1609,-0.0019,1.2377,3,3Minnesota,Minnesota,Buffalo,16.5,12.8,16.3,8,14.2,18,33,16,19.37,10.23,15.53,7.75,12.83,7,7,7,18,16.5,16,12.13,13.17,16,16.5,16,17.76,11.81,15.5,20.04,15.6,16.3,14.28,23.29,17,14.18,19.2,14.18,11,9,16.6,13.5,16.2,3.23,9,6.5,18.47,18.02,14.7,12,22,11.55,12.39,7.28,7,17.14,17,8.94,11,7.019655488,27,6,-21,27,6,-37.5,1,2,1,1
0,T,Indianapolis,Philadelphia,IND,PHI,AS,NE,A,1-1,0,0,0,1,1,1,0,1,3,1424,0.0304,1.0954,1,1,0,1,3,1634,-0.0151,1.2569,3,3Philadelphia,Philadelphia,Indianapolis,6.5,7.44,14.38,7,11.12,11,22,20,20.38,15.74,8.83,12.8,7.79,15.01,11.81,14.83,18,7,7.3,4.73,8.96,12.3,6.5,6.5,23.52,15.39,8.1,2.61,9.61,14.4,13.14,14.52,9,10.79,8.6,10.18,8,12,14.7,8.58,11.9,4.69,12,3.6,8.57,18.02,-11.4,8,19,20.74,4.55,14.56,13.46,4.58,7.7,8.47,8.28,6.281115955,16,20,4,16,20,-2.5,0,2,1,1
0,T,Dallas,Seattle,DAL,SEA,NE,NW,A,1-1,0,0,0,1,1,1,0,1,3,1539,0.0059,1.1838,0,2,0,0,0,1507,-0.015,1.1592,3,3Seattle,Seattle,Dallas,0,1,2.41,0.25,0.81,0.01,-9.5,-10,0.44,3.52,1.35,3.35,0.63,7.97,10.79,-1.97,2,0,1.2,0.03,1.33,3.7,1.5,-1,-3.51,1.1,1.5,-5.51,-0.74,3.2,3.47,-1.36,1.9,1.33,-1.6,1.14,3,2,0.8,-0.22,3.7,0.85,2.5,4.6,1.34,9.5,2.9,1.5,-8,-1.99,-1.1,2.75,4.89,-1.02,0.8,2.04,1.83,5.056937229,13,24,11,13,24,11,1,2,1,1
0,T,Pittsburgh,Tampa Bay,PIT,TB,AN,NS,A,0-1-1,0,0,0,1,0,1,1,0,0,1566,-0.0132,1.2046,2,0,0,1,3,1530,0.0166,1.1769,3,3Tampa Bay,Tampa Bay,Pittsburgh,1,1.56,-5.47,2,1.9,0.01,11,-7,8.15,-2.67,10.73,-1.06,2.22,-2.21,-3.53,-3.88,7,1,1.9,5.97,-0.3,-5.2,-1.5,-2,11.86,1.79,4.9,14.22,-2.58,-5.3,0.28,6.02,-1.2,1.56,7.8,8.77,0.01,-4,11.6,-2.38,-3.9,-0.09,0.01,-16.2,-1.04,0.92,10.05,-1,-2,2.84,2.55,-1.95,-6.23,3.2,-0.4,2.04,2.86,6.039057126,30,27,-3,30,27,-4,1,2,1,1
0,T,Green Bay,Washington,GB,WSH,NN,NE,A,1-0-1,0,0,0,1,1,0,1,1,3,1480,0.002,1.1385,1,1,0,1,3,1466,-0.0279,1.1277,3,3Washington,Washington,Green Bay,-2,-1.41,-4.58,1,0.9,-4,10,2,5.94,3.85,0.83,3.6,-2.22,-1.17,0.58,-10.38,-4,-1.5,-1.6,-1.98,-1.15,2.1,-3,-3,1.15,1.45,-0.2,0.28,-6.76,-0.2,-1.01,0.91,0.6,0.83,9.1,1.67,0.01,1,2.3,-1.26,2.2,0.4,3.5,10.5,0.65,-1.37,1.15,-2,-1,5.32,-0.24,3.38,-0.52,-3.63,-2,3.09,1.52,4.451033527,17,31,14,17,31,16,1,2,2,0
0,T,Arizona,Seattle,ARI,SEA,NW,NW,H,0-3,1,1,1,0,0,3,0,0,0,1416,-0.0084,1.0892,1,2,0,0.5,2,1529,0.0146,1.1762,4,4Arizona,Arizona,Seattle,-3.5,-3.7,-5.71,-2,-4.29,-5,4,-10,-3.78,-17.91,-9.17,-8.09,-3.04,-1.3,-12.2,-13.62,-7,-3.5,-3.1,-3.08,-3.99,-3.2,-3.5,-4,-0.94,-4.14,-3.2,-9.15,-3.88,-3.8,5.62,-7.4,-3.1,-3.79,-5.1,-6.76,-3,-3,-5.8,-4.54,-3.5,-0.86,-0.5,-1.5,-6.3,3.37,-8.15,-4.5,-5,1.68,-5.21,-13,-5.79,-3.14,-2.7,-2,-2.91,3.767338928,20,17,-3,17,20,0.5,0,3,2,1
0,T,Atlanta,Cincinnati,ATL,CIN,NS,AN,H,1-2,1,0,0,0,1,2,0,0.5,2,1576,-0.0168,1.2123,2,1,0,2,8,1507,-0.0112,1.1592,4,4Atlanta,Atlanta,Cincinnati,3.5,3.41,-0.07,1,2.68,6,9,8,8.09,-2.63,-4.07,0.2,2.91,-12.73,-7,-7,8,3.5,3.6,0.85,4.67,7.4,5,5.5,7,7.39,1.6,-2.78,6.13,6.5,-1.22,1.4,4.9,3.91,-3.8,-0.45,-1,5,6.3,4.22,7.4,2.76,8,-1,5.85,8.6,-7.55,3.5,10,7.83,2.65,-1,-15.35,2.04,5.6,4.54,4.3,5.448853254,37,36,-1,36,37,-4.5,1,3,2,1
0,T,Denver,Kansas City,DEN,KC,AW,AW,H,2-1,1,1,1,0,2,1,0,2,8,1454,-0.0109,1.1185,3,0,0,1,4,1630,0.0062,1.2538,4,4Denver,Denver,Kansas City,-3.5,-3.34,-5.88,-4,-5.32,-4,-12.5,-4,-7.23,-7.42,-11.64,-1.73,-3.71,-2.96,-1,-6.76,-5,-3.5,-4.1,-4.06,-3.41,-5.2,-4,-5,-11.61,-5.7,-3.1,-1.89,-4.64,-5.8,0.19,-8.19,-2.1,-4.6,-9.8,-11.16,-3,-4,-11.1,-5.53,-6.3,-1.34,1,-4.4,-2.74,-7.66,-3.7,-2.5,-3,-5.38,-5.15,-17,2.51,-3.77,-6.5,-2.56,-3.73,3.645200077,27,23,-4,23,27,-0.5,0,3,2,1
0,T,Green Bay,Buffalo,GB,BUF,NN,AE,H,1-1-1,1,0,0,0,1,1,1,1,4,1457,-0.0155,1.1208,1,2,0,0.5,2,1503,0.0373,1.1562,4,4Green Bay,Green Bay,Buffalo,8.5,4.76,5.53,4,4.32,9,-7,2,5.1,10.97,0.15,7.36,5.42,-2.77,10.87,-7,9,8,9,1.15,7.37,7.8,9.5,11,0.17,0.35,7.9,4.53,4.97,8.7,6.21,2.97,9.2,4.65,0.9,-4.42,4,4,-3.3,9.54,7.5,1.64,5.5,2.6,9.57,-5.02,5.35,8.5,-2,-0.19,7.77,20.33,-4.97,9.03,9.4,2.77,3.08,5.187470657,0,22,22,22,0,13.5,0,3,2,1
0,T,Jacksonville,N.Y. Jets,JAX,NYJ,AS,AE,H,2-1,1,0,0,0,2,1,0,2,8,1556,-0.0133,1.1969,1,2,0,0.5,2,1437,-0.0144,1.1054,4,4Jacksonville,Jacksonville,N.Y. Jets,7,5.87,1.53,5,6.61,11,22.5,17,7,2.4,2.85,3.8,6.07,0.44,4,-7,9,7,8.3,4.95,6.33,6.8,7.5,9,15.21,9.47,9.2,7.3,9.52,6.8,7,0.92,7,6.98,-0.6,4.06,5,7,7.6,8.83,7,2.99,3.5,6.8,8.4,15.92,2.5,9,14,13.08,3.16,-4.67,6.97,3.93,7.5,5.72,7.79,5.45803542,12,31,19,31,12,12,0,3,2,1
0,T,LA Rams,Minnesota,LAR,MIN,NW,NN,H,3-0,1,0,0,0,3,0,0,1,4,1595,0.0114,1.2269,1,1,1,1,4,1555,-0.0336,1.1962,4,4LA Rams,LA Rams,Minnesota,7,8.01,5.56,5,10.21,8,38,-5,8.38,27.44,18.4,19.51,7.21,7,12.13,7,8,7,8.3,10.46,7.18,9.8,7,7,9.44,4.37,10.1,9.58,6.31,11.1,12.67,23.58,9.3,8.32,23.9,16.49,6,4,19.2,8.33,11.1,0.22,4,1.5,11.52,4.63,21.1,8,3,6.66,13.29,6.5,7,8.56,9,6.99,8.99,7.559430592,31,38,7,38,31,0,0,3,2,1
0,T,Seattle,Arizona,SEA,ARI,NW,NW,A,1-2,0,1,0,0,1,2,0,0.5,2,1529,0.0146,1.1762,0,3,0,0,0,1416,-0.0084,1.0892,4,4Arizona,Arizona,Seattle,-3.5,-3.7,-5.71,-2,-4.29,-5,4,-10,-3.78,-17.91,-9.17,-8.09,-3.04,-1.3,-12.2,-13.62,-7,-3.5,-3.1,-3.08,-3.99,-3.2,-3.5,-4,-0.94,-4.14,-3.2,-9.15,-3.88,-3.8,5.62,-7.4,-3.1,-3.79,-5.1,-6.76,-3,-3,-5.8,-4.54,-3.5,-0.86,-0.5,-1.5,-6.3,3.37,-8.15,-4.5,-5,1.68,-5.21,-13,-5.79,-3.14,-2.7,-2,-2.91,3.767338928,20,17,-3,20,17,0.5,0,3,1,2
0,T,Cincinnati,Atlanta,CIN,ATL,AN,NS,A,2-1,0,0,0,1,2,1,0,2,8,1507,-0.0112,1.1592,1,2,0,0.5,2,1576,-0.0168,1.2123,4,4Atlanta,Atlanta,Cincinnati,3.5,3.41,-0.07,1,2.68,6,9,8,8.09,-2.63,-4.07,0.2,2.91,-12.73,-7,-7,8,3.5,3.6,0.85,4.67,7.4,5,5.5,7,7.39,1.6,-2.78,6.13,6.5,-1.22,1.4,4.9,3.91,-3.8,-0.45,-1,5,6.3,4.22,7.4,2.76,8,-1,5.85,8.6,-7.55,3.5,10,7.83,2.65,-1,-15.35,2.04,5.6,4.54,4.3,5.448853254,37,36,-1,37,36,-4.5,1,3,1,2
0,T,Kansas City,Denver,KC,DEN,AW,AW,A,3-0,0,1,0,0,3,0,0,1,4,1630,0.0062,1.2538,2,1,0,2,8,1454,-0.0109,1.1185,4,4Denver,Denver,Kansas City,-3.5,-3.34,-5.88,-4,-5.32,-4,-12.5,-4,-7.23,-7.42,-11.64,-1.73,-3.71,-2.96,-1,-6.76,-5,-3.5,-4.1,-4.06,-3.41,-5.2,-4,-5,-11.61,-5.7,-3.1,-1.89,-4.64,-5.8,0.19,-8.19,-2.1,-4.6,-9.8,-11.16,-3,-4,-11.1,-5.53,-6.3,-1.34,1,-4.4,-2.74,-7.66,-3.7,-2.5,-3,-5.38,-5.15,-17,2.51,-3.77,-6.5,-2.56,-3.73,3.645200077,27,23,-4,27,23,-0.5,0,3,1,2
0,T,Buffalo,Green Bay,BUF,GB,AE,NN,A,1-2,0,0,0,1,1,2,0,0.5,2,1503,0.0373,1.1562,1,1,1,1,4,1457,-0.0155,1.1208,4,4Green Bay,Green Bay,Buffalo,8.5,4.76,5.53,4,4.32,9,-7,2,5.1,10.97,0.15,7.36,5.42,-2.77,10.87,-7,9,8,9,1.15,7.37,7.8,9.5,11,0.17,0.35,7.9,4.53,4.97,8.7,6.21,2.97,9.2,4.65,0.9,-4.42,4,4,-3.3,9.54,7.5,1.64,5.5,2.6,9.57,-5.02,5.35,8.5,-2,-0.19,7.77,20.33,-4.97,9.03,9.4,2.77,3.08,5.187470657,0,22,22,0,22,13.5,0,3,1,2
0,T,Houston,Indianapolis,HOU,IND,AS,AS,A,0-3,0,1,0,0,0,3,0,0,0,1363,-0.0159,1.0485,1,2,0,0.5,2,1420,-0.0035,1.0923,4,4Indianapolis,Indianapolis,Houston,-1,4.46,10.37,5,6.02,2,22.5,1,8.82,7.75,11.1,5.02,6.31,5.36,3.13,-7,8,0,3.6,7.69,3.47,-0.1,1.5,2.5,9.96,4.07,5.7,10.99,3.58,-1.6,7,11.74,1.7,4.27,7.8,13.49,2,2,12.3,-0.09,0.5,0.85,-2.5,1.3,3.72,19.37,12.55,2.5,-2,11.3,7.28,2.33,-2.05,-1.15,0.6,3.97,4.82,6.327576997,37,34,-3,37,34,-2,0,3,1,2
0,T,N.Y. Jets,Jacksonville,NYJ,JAX,AE,AS,A,1-2,0,0,0,1,1,2,0,0.5,2,1437,-0.0144,1.1054,2,1,0,2,8,1556,-0.0133,1.1969,4,4Jacksonville,Jacksonville,N.Y. Jets,7,5.87,1.53,5,6.61,11,22.5,17,7,2.4,2.85,3.8,6.07,0.44,4,-7,9,7,8.3,4.95,6.33,6.8,7.5,9,15.21,9.47,9.2,7.3,9.52,6.8,7,0.92,7,6.98,-0.6,4.06,5,7,7.6,8.83,7,2.99,3.5,6.8,8.4,15.92,2.5,9,14,13.08,3.16,-4.67,6.97,3.93,7.5,5.72,7.79,5.45803542,12,31,19,12,31,12,0,3,1,2
0,T,San Francisco,LA Chargers,SF,LAC,NW,AW,A,1-2,0,0,0,1,1,2,0,0.5,2,1461,-0.0068,1.1238,1,2,0,0.5,2,1527,-0.0117,1.1746,4,4LA Chargers,LA Chargers,San Francisco,10,5.15,8.23,5,6.31,3,8,9,0.91,4.92,7.01,3.92,6.13,15.25,8.13,14.07,3,9,7.2,4.92,5.26,8.2,10,9.5,4.43,5.96,3.9,3,10.05,8.4,12.99,10.47,9,5.83,4.6,12.56,4,7,2.5,7.02,8.3,2.03,4.5,-1,9.63,0.34,8.7,10.5,8,2.58,13.15,5,10.13,3.46,5.7,5.3,6.63,3.584276829,27,29,2,27,29,-8,0,3,1,2
0,T,Carolina,N.Y. Giants,CAR,NYG,NS,NE,H,2-1,1,0,0,0,2,1,0,2,10,1569,0,1.2069,1,3,0,0.3333,1.6667,1391,-0.0135,1.07,5,5Carolina,Carolina,N.Y. Giants,6.5,8.48,8.95,9,10.31,5,28.5,10,12.74,12.84,11.74,7.62,8.92,12.64,13.2,7,12,7,8.3,9.19,8.19,9.1,6.5,6.5,19.08,12.63,9.6,8.83,10.29,8.8,2.77,13.42,7.3,9.38,10.7,13.78,7,9,15.2,5.26,9.7,3.11,2.5,3.5,8.67,16,13,6,17,15.61,7.62,7.42,-0.43,3,9.1,7.34,7.97,4.475239745,31,33,2,33,31,-4.5,0,3,2,1
0,T,Cleveland,Baltimore,CLE,BAL,AN,AN,H,1-2-1,1,1,1,0,1,2,1,0.5,2.5,1320,-0.006,1.0154,3,1,0,3,15,1587,0.0219,1.2208,5,5Cleveland,Cleveland,Baltimore,-3,-6.06,-8.49,-8,-7.34,-4,-27,-8,-7.48,-9.87,-6.99,-5.31,-6.07,-10,-9.92,-12.52,-9,-4,-3.8,-5.44,-6.39,-5,-3,-3,-10.78,-9.56,-4.6,-2.32,-5.33,-5.7,-0.39,-12.37,-3.1,-7,-15.7,-8.93,-7,-9,-6.9,-4.26,-4.5,-2.84,-0.5,-7.5,-7.99,-9.88,-10.8,-4,-13,-7.59,-9.06,5.25,-7,-2.27,-5,-5.04,-3.57,4.50933882,9,12,3,12,9,6,1,4,2,2
0,T,Detroit,Green Bay,DET,GB,NN,NN,H,1-3,1,1,1,0,1,3,0,0.3333,1.6667,1489,-0.0053,1.1454,2,1,1,2,10,1487,0.0199,1.1438,5,5Detroit,Detroit,Green Bay,1.5,-1.49,-6.67,-3,-0.29,0.01,-5,4,0.86,-3.83,1.36,-1.17,-2.37,-4.15,-4.62,-7,1,1.5,-0.6,-1.54,-1.52,2.7,-1,-1,6.12,4.07,0.3,-2.18,1.28,1.8,1.3,-5.95,-0.5,0.01,-2.7,1.53,0.01,4,3.7,-1.73,3.2,0.63,4.5,-4.5,-0.09,-6.81,-9.6,-1.5,7,2.74,-1.8,-5.17,5.54,-0.11,-1.1,2.96,1.7,3.717942696,23,31,8,31,23,6.5,0,4,2,2
0,T,LA Chargers,Oakland,LAC,OAK,AW,AW,H,2-2,1,1,1,0,2,2,0,1,5,1533,0.0046,1.1792,1,3,0,0.3333,1.6667,1424,0.0056,1.0954,5,5LA Chargers,LA Chargers,Oakland,5,7.06,9.46,6,8,6,15,18,11.21,6.58,4.39,5.53,7.86,5.74,5.74,-13.31,11,5.5,6,6.62,7.29,8.7,4.5,7.5,13.54,9.09,6.6,6.84,7.77,9,6.04,6.57,6.1,7.18,11.3,12.67,3,5,11.4,5.1,8.5,1.64,3.5,2.9,8.62,13.66,5.85,6.5,15,11.29,4.9,5.5,7.4,3.16,8,6.59,5.98,3.280235851,10,26,16,26,10,11,0,4,2,2
0,T,New England,Indianapolis,NE,IND,AE,AS,H,2-2,1,0,0,0,2,2,0,1,5,1609,0.0126,1.2377,1,3,0,0.3333,1.6667,1400,-0.0141,1.0769,5,5New England,New England,Indianapolis,10,7.94,3.39,8,8.62,9,14.5,16,10.82,7.31,1.12,5.14,8.72,3.95,2.22,-7,12,10,9.1,6.66,9.03,12,10,10,19.89,11.69,8.1,7.18,9.97,14.1,3.24,5.55,10.2,8.93,2.4,7.55,9,14,10.4,10.56,11.9,5.87,6,5.6,10.02,3.1,2.45,9.5,12,17.41,2.95,2.25,6.04,7.63,10.1,8.86,6.62,4.282935985,24,38,14,38,24,4,0,4,2,2
0,T,New Orleans,Washington,NO,WSH,NS,NE,H,3-1,1,0,0,0,3,1,0,3,15,1599,0.012,1.23,2,1,0,2,10,1489,0,1.1454,5,5New Orleans,New Orleans,Washington,6,5.37,1.11,5,5.86,9,9,10,7.19,-2.3,7.91,0.3,6.82,0.3,0.99,-7,11,6,7,5.69,5.23,6.6,6.5,6.5,12.78,7.05,7.5,4.81,7.22,7.6,3.85,2.97,6.5,6.58,-3.6,7.6,7,6,10.9,6.56,6.8,2.34,6.5,3.1,4.21,3.81,2.85,7,9,11.21,1.38,14.92,5.15,4.52,8.6,5.58,4.97,3.772903181,19,43,24,43,19,18,0,4,2,2
0,T,Philadelphia,Minnesota,PHI,MIN,NE,NN,H,2-2,1,0,0,0,2,2,0,1,5,1622,-0.0104,1.2477,1,2,1,0.5,2.5,1541,-0.009,1.1854,5,5Philadelphia,Philadelphia,Minnesota,3.5,5.5,3.28,4,5.57,3,6,2,11.24,7.89,10.57,5.76,5.91,7.31,8.25,7,10,3.5,3.7,7.97,4.75,2.9,3.5,3,7.27,5.6,4.4,4.95,3.99,2.6,3.38,9.33,3.7,5.05,2.8,9.84,3,5,11.3,4.66,2.5,1.41,3,1.9,3.54,12.8,4.75,5,10,5.52,5.11,-7.5,9.63,5.67,4.3,5.09,6.6,3.404709096,23,21,-2,21,23,-5.5,1,4,2,2
0,T,Pittsburgh,Atlanta,PIT,ATL,AN,NS,H,1-2-1,1,0,0,0,1,2,1,0.5,2.5,1547,-0.0215,1.19,1,3,0,0.3333,1.6667,1566,-0.0063,1.2046,5,5Pittsburgh,Pittsburgh,Atlanta,3.5,2.81,5.98,4,2.47,3,9,-2,-0.22,1.19,2.92,1.85,3.52,0.49,0.31,-7,-1,3.5,3.8,3.39,2.52,2.9,3.5,3,0.39,0.69,4.6,6.12,2.94,2.9,3.45,0.24,3.3,2.44,0.5,3.52,5,2,-0.9,2.23,2,0.99,4.5,9.2,2.96,-0.81,2.95,4.5,-3,2.37,1.87,7,5.67,3.67,0.7,2.04,1.49,2.617162412,17,41,24,41,17,20.5,0,4,2,2
0,T,Tennessee,Buffalo,TEN,BUF,AS,AE,A,3-1,0,0,0,1,3,1,0,3,15,1523,0.0113,1.1715,1,3,0,0.3333,1.6667,1474,-0.0193,1.1338,5,5Buffalo,Buffalo,Tennessee,-6,-1.94,-6.39,-3,-3.61,-4,-12,1,-2.06,-11.41,-5.48,-3.63,-1.94,-7.94,-7.49,-1,-2,-5.5,-4.6,-2.26,-2.65,-2.8,-3.5,-4,-7.21,-0.32,-5.8,-3.64,-0.38,-2.9,-0.03,-7.97,-3.4,-2.85,-5.9,-2.14,-1,3,-4.5,-5.1,-2.8,-0.02,-1,-6.4,-2.45,-9.42,-0.45,-3,-1,-3.6,-5.43,-4.25,-7.76,-6.58,-6.2,-0.5,-2.27,2.985350966,12,13,1,12,13,7,1,4,2,2
0,T,N.Y. Giants,Carolina,NYG,CAR,NE,NS,A,1-3,0,0,0,1,1,3,0,0.3333,1.6667,1391,-0.0135,1.07,2,1,0,2,10,1569,0,1.2069,5,5Carolina,Carolina,N.Y. Giants,6.5,8.48,8.95,9,10.31,5,28.5,10,12.74,12.84,11.74,7.62,8.92,12.64,13.2,7,12,7,8.3,9.19,8.19,9.1,6.5,6.5,19.08,12.63,9.6,8.83,10.29,8.8,2.77,13.42,7.3,9.38,10.7,13.78,7,9,15.2,5.26,9.7,3.11,2.5,3.5,8.67,16,13,6,17,15.61,7.62,7.42,-0.43,3,9.1,7.34,7.97,4.475239745,31,33,2,31,33,-4.5,0,4,2,2
0,T,Miami,Cincinnati,MIA,CIN,AE,AN,A,3-1,0,0,0,1,3,1,0,3,15,1491,-0.0132,1.1469,3,1,0,3,15,1517,0.0066,1.1669,5,5Cincinnati,Cincinnati,Miami,6,6.83,5.96,6,8.22,7,8.5,13,6.85,7.71,9.44,4.72,5.51,12.85,12.36,7,11,6,7.1,6.57,7.19,5.5,5.5,6,13.65,6.66,8.2,3.54,5.8,6.6,2.2,12.57,7.1,7,14.7,12.18,7,6,15.6,4.96,5.6,1.25,4.5,2.6,9.7,11.25,10.25,5.5,12,4.79,9.94,13,16.36,0.25,7.6,5.42,4.97,3.41956204,17,27,10,17,27,4,0,4,2,2
0,T,Baltimore,Cleveland,BAL,CLE,AN,AN,A,3-1,0,1,0,0,3,1,0,3,15,1587,0.0219,1.2208,1,2,1,0.5,2.5,1320,-0.006,1.0154,5,5Cleveland,Cleveland,Baltimore,-3,-6.06,-8.49,-8,-7.34,-4,-27,-8,-7.48,-9.87,-6.99,-5.31,-6.07,-10,-9.92,-12.52,-9,-4,-3.8,-5.44,-6.39,-5,-3,-3,-10.78,-9.56,-4.6,-2.32,-5.33,-5.7,-0.39,-12.37,-3.1,-7,-15.7,-8.93,-7,-9,-6.9,-4.26,-4.5,-2.84,-0.5,-7.5,-7.99,-9.88,-10.8,-4,-13,-7.59,-9.06,5.25,-7,-2.27,-5,-5.04,-3.57,4.50933882,9,12,3,9,12,6,1,4,2,2
0,T,Dallas,Houston,DAL,HOU,NE,AS,A,2-2,0,0,0,1,2,2,0,1,5,1525,0.0053,1.1731,1,3,0,0.3333,1.6667,1383,0.0147,1.0638,5,5Houston,Houston,Dallas,3.5,1.71,3.44,0.25,0.31,3,-20,-12,-5.57,3.49,3.75,3.34,0.1,3.86,2.84,-7,-3,3.5,2.6,1.07,1.94,1.7,3.5,3,-6.06,-2.38,2.2,-0.11,0.32,1.5,1.14,1.17,3.3,1.7,4.2,1.93,1,-3,-1.6,2.24,1.7,-1.02,5.5,2.4,2.87,-0.73,4.65,3.5,-13,-12.75,3.32,9.25,3.97,2.12,3.1,-0.45,1.22,5.141274865,16,19,3,16,19,-0.5,0,4,2,2
0,T,Oakland,LA Chargers,OAK,LAC,AW,AW,A,1-3,0,1,0,0,1,3,0,0.3333,1.6667,1424,0.0056,1.0954,2,2,0,1,5,1533,0.0046,1.1792,5,5LA Chargers,LA Chargers,Oakland,5,7.06,9.46,6,8,6,15,18,11.21,6.58,4.39,5.53,7.86,5.74,5.74,-13.31,11,5.5,6,6.62,7.29,8.7,4.5,7.5,13.54,9.09,6.6,6.84,7.77,9,6.04,6.57,6.1,7.18,11.3,12.67,3,5,11.4,5.1,8.5,1.64,3.5,2.9,8.62,13.66,5.85,6.5,15,11.29,4.9,5.5,7.4,3.16,8,6.59,5.98,3.280235851,10,26,16,10,26,11,0,4,2,2
0,T,Indianapolis,New England,IND,NE,AS,AE,A,1-3,0,0,0,1,1,3,0,0.3333,1.6667,1400,-0.0141,1.0769,2,2,0,1,5,1609,0.0126,1.2377,5,5New England,New England,Indianapolis,10,7.94,3.39,8,8.62,9,14.5,16,10.82,7.31,1.12,5.14,8.72,3.95,2.22,-7,12,10,9.1,6.66,9.03,12,10,10,19.89,11.69,8.1,7.18,9.97,14.1,3.24,5.55,10.2,8.93,2.4,7.55,9,14,10.4,10.56,11.9,5.87,6,5.6,10.02,3.1,2.45,9.5,12,17.41,2.95,2.25,6.04,7.63,10.1,8.86,6.62,4.282935985,24,38,14,24,38,4,0,4,2,2
0,T,Minnesota,Philadelphia,MIN,PHI,NN,NE,A,1-2-1,0,0,0,1,1,2,1,0.5,2.5,1541,-0.009,1.1854,2,2,0,1,5,1622,-0.0104,1.2477,5,5Philadelphia,Philadelphia,Minnesota,3.5,5.5,3.28,4,5.57,3,6,2,11.24,7.89,10.57,5.76,5.91,7.31,8.25,7,10,3.5,3.7,7.97,4.75,2.9,3.5,3,7.27,5.6,4.4,4.95,3.99,2.6,3.38,9.33,3.7,5.05,2.8,9.84,3,5,11.3,4.66,2.5,1.41,3,1.9,3.54,12.8,4.75,5,10,5.52,5.11,-7.5,9.63,5.67,4.3,5.09,6.6,3.404709096,23,21,-2,23,21,-5.5,1,4,2,2
0,T,Cincinnati,Pittsburgh,CIN,PIT,AN,AN,H,4-1,1,1,1,0,4,1,0,4,24,1534,0.0112,1.18,2,2,1,1,6,1575,0.0174,1.2115,6,6Cincinnati,Cincinnati,Pittsburgh,1.5,2,2.55,4,1.69,1,-3,-1,1.43,5.13,4.19,4.92,2.16,4.36,3.32,5.06,1,1.5,3.4,4.53,0.84,-2.3,2,2.5,5.15,1.55,4.4,8.88,0.63,-1.8,3.81,0.4,0.3,1.55,2.9,5.03,0.01,-2,-1.4,-1.32,-1.4,-0.49,-1.5,-3,1.06,8.01,3.75,1,-3,3.11,5.05,-3.15,2.54,3.53,0.1,2.15,1.64,2.863555789,28,21,-7,21,28,-8.5,1,5,2,3
0,T,Dallas,Jacksonville,DAL,JAX,NE,AS,H,2-3,1,0,0,0,2,3,0,0.6667,4,1508,-0.0118,1.16,3,2,0,1.5,9,1554,-0.0108,1.1954,6,6Dallas,Dallas,Jacksonville,-3,-0.21,-4.84,-2,-2.46,0.01,-3,-2,-2.51,-4.5,-3.65,0.14,-0.04,-3.34,-3.97,7,2,-3,-1.3,-1.43,0.27,-1.3,-3,-1.5,-3.97,-1.81,0.5,-0.49,-1.86,-1.2,-6.08,-6.57,0.3,-2,-6.9,-3.21,-3,1,-0.8,-1.69,-2.1,1.25,-0.5,-6.9,2.16,-6.61,-3.6,-1,-3,-1.53,-3.62,-1.8,-8.48,-5.04,-2.5,-0.39,-0.61,2.493106976,7,40,33,40,7,36,1,5,2,3
0,T,Houston,Buffalo,HOU,BUF,AS,AE,H,2-3,1,0,0,0,2,3,0,0.6667,4,1400,0.013,1.0769,2,3,0,0.6667,4,1480,0.0048,1.1385,6,6Houston,Houston,Buffalo,10,5.24,11.72,3,4.88,8,-12.5,-3,0.55,13.8,4.31,8.18,4.01,8.78,7.96,14.42,4,9,7.7,2.67,7.39,8,10,9.5,-0.91,1.79,6.9,2.71,5.07,7.7,-11.39,8,9.1,5,5.4,2.03,5,2,2.8,9.13,7.8,0.64,6.5,3.9,10.66,4.67,1.75,7.5,-2,-3.75,8.21,12.4,11.22,9.78,8,3.08,3.2,4.521249744,13,20,7,20,13,-3,0,5,2,3
0,T,Miami,Chicago,MIA,CHI,AE,NN,H,3-2,1,0,0,0,3,2,0,1.5,9,1474,-0.0114,1.1338,3,1,0,3,18,1507,0,1.1592,6,6Miami,Miami,Chicago,-5.5,-1.98,-3.66,-0.25,-2.61,-1,3,1,-1.22,-12.2,-2.25,-4.42,0.41,-5.62,-5.61,4,-6,-4.5,-2,-2.46,-2.04,-2.5,-3.5,-2,-3.86,-0.5,-1,1.34,-0.94,-2.6,7.02,-11.51,-1.4,-2.04,-9.8,-1.64,-2,2,-11.5,-2.21,-3.2,1.52,2,-6.3,-4.86,-3.52,-7.75,-1.5,-1,4.02,-3,-5.95,0.18,-8.76,-3.5,-1.37,-1.73,3.293796402,28,31,3,31,28,8.5,1,5,2,3
0,T,Minnesota,Arizona,MIN,ARI,NN,NW,H,2-2-1,1,0,0,0,2,2,1,1,6,1557,0.0104,1.1977,1,4,0,0.25,1.5,1438,0.0235,1.1062,6,6Minnesota,Minnesota,Arizona,10,8.24,8.87,7,8.87,12,6,9,10.34,10.87,3.75,6.92,9.06,6.01,5.66,-7,12,10,10.3,4.84,10.06,9.2,10,10.5,12.69,9.7,10,14.32,10.56,10.3,14.35,1.54,10,9,11.1,7.85,7,6,5,7.44,9.4,3.14,8.5,9.2,13.83,7.28,4.3,12,22,7.72,6.53,17.25,11.05,9.37,10,7.02,7,3.538143239,17,27,10,27,17,0,0,5,2,3
0,T,N.Y. Giants,Philadelphia,NYG,PHI,NE,NE,H,1-4,1,1,1,0,1,4,0,0.25,1.5,1387,-0.0029,1.0669,2,3,0,0.6667,4,1606,-0.0099,1.2354,6,6N.Y. Giants,N.Y. Giants,Philadelphia,-2.5,-0.78,-3.96,-1,-2.41,-1,-15.5,-1,-10.47,-1.65,1.79,0.87,-2.21,4.06,4.38,-7,-11,-2.5,-1,0,-1.29,-2.6,-3,-3,-8.22,-6.08,1.1,-3.31,-4.13,-2.7,5.28,3.34,-1.1,-1.65,2.8,0.26,-1,-6,-2.4,-2.55,-1.8,-1.54,-0.5,-1.5,0.11,-2.98,2.5,-2.5,-13,-8.24,3.49,2.2,2.41,-1.32,-3.5,-3.74,-3.2,4.544541805,34,13,-21,13,34,-18.5,0,5,2,3
0,T,N.Y. Jets,Indianapolis,NYJ,IND,AE,AS,H,2-3,1,0,0,0,2,3,0,0.6667,4,1448,0.0176,1.1138,1,4,0,0.25,1.5,1392,-0.0057,1.0708,6,6N.Y. Jets,N.Y. Jets,Indianapolis,2.5,3.92,5.27,6,5.23,3,0.01,-3,6.79,10.48,5.22,6.9,3.54,10.2,11.24,-1.7,3,3,3.9,5.22,3.34,5.8,2.5,3.5,6.74,4.73,5.3,9.55,5.54,6.8,12.94,10.94,3.8,5.27,3.5,8.59,5,3,5.5,0.47,5.7,1.09,4,3.5,-0.2,10.42,5.45,3,-2,11.21,6.77,3,7.66,0.18,4.6,3.44,2.49,3.14478175,34,42,8,42,34,5.5,0,5,2,3
0,T,Oakland,Seattle,OAK,SEA,AW,NW,H,1-4,1,0,0,0,1,4,0,0.25,1.5,1410,-0.0098,1.0846,2,3,0,0.6667,4,1530,-0.0071,1.1769,6,6Oakland,Oakland,Seattle,-3,-5,-4.29,-1,-5.09,-2,-1,-7,-4.13,-7.96,-4.17,-4.42,-4.68,-8.08,-7.88,3.15,-9,-3,-3.6,-3.94,-5.51,-6.8,-3,-3,-9.06,-7.75,-4.3,-6.1,-4.7,-6.3,0.72,-8.83,-3.5,-5,-4.6,-7.6,-3,-4,-8.8,-2.67,-6.9,-1.97,0.5,-8.3,-5.58,-9.65,-9.6,-2,-8,-5.29,-2.51,-8.8,-1.11,-0.92,-4.7,-1.05,-5.12,2.872138306,27,3,-24,3,27,-21,0,5,2,3
0,T,Tennessee,Baltimore,TEN,BAL,AS,AN,H,3-2,1,0,0,0,3,2,0,1.5,9,1516,-0.0046,1.1662,3,2,0,1.5,9,1564,-0.0145,1.2031,6,6Tennessee,Tennessee,Baltimore,-2.5,-1.16,-0.61,-2,-2.72,1,-4,1,-2.91,-8.03,-4.79,-2.02,-0.07,-6.49,-7.31,0.28,-3,-2.5,-2,1.27,-2.45,-2,-2.5,0,1.68,-0.98,-1,3.15,-2.1,-2.5,0.49,-11.26,-1.5,-2.45,-8.3,-2.92,-6,-4,-3.4,-1.13,-2.7,0.4,2,-8,-2.48,-4.86,-6.2,1,-1,6.38,-5.09,-7,-3.07,-1.92,-0.5,-1.97,-0.35,3.34707537,21,0,-21,0,21,-18.5,0,5,2,3
0,T,Washington,Carolina,WSH,CAR,NE,NS,H,2-2,1,0,0,0,2,2,0,1,6,1473,-0.0107,1.1331,3,1,0,3,18,1573,0.0025,1.21,6,6Washington,Washington,Carolina,-1,0.01,-1.41,-1,-0.73,1,-1,-1,-2.2,-1.31,-2.48,0.49,-0.78,2.11,1.06,-2.03,-1,-1,0.8,-0.75,0.3,-0.9,1.5,-1,-7.88,-1.57,0.6,-0.31,-0.55,-1.4,-4.34,-1.82,1.1,-1,4.4,-0.69,-1,-2,-4.5,-1.62,-1.2,0.09,4.5,-1.6,1.78,-2.39,-0.2,1.5,-4,-5.33,-0.29,-3.25,6.05,0.79,-2.5,1.09,0.02,2.304673456,17,23,6,23,17,7,1,4,2,2
0,T,Tampa Bay,Atlanta,TB,ATL,NS,NS,A,2-2,0,1,0,0,2,2,0,1,6,1481,0,1.1392,1,4,0,0.25,1.5,1538,-0.0173,1.1831,6,6Atlanta,Atlanta,Tampa Bay,3,4.2,2.28,0.25,3.24,5,-4.5,11,3.4,3.28,0.23,3.37,3.39,0.17,0.23,-3.88,5,3,3.8,1.19,5.57,8.7,3.5,3.5,1.27,4.87,4.1,-9.27,4.97,8.8,-10.29,1.91,6.2,3.39,0,2.32,1,6,3.7,4.75,8.1,2.11,3,-1,5.36,-3.21,3,5,14,4.64,4.03,0.6,-4.21,1.87,7.5,6.13,2.72,3.786315098,29,34,5,29,34,2,0,4,2,2
0,T,Pittsburgh,Cincinnati,PIT,CIN,AN,AN,A,2-2-1,0,1,0,0,2,2,1,1,6,1575,0.0174,1.2115,4,1,0,4,24,1534,0.0112,1.18,6,6Cincinnati,Cincinnati,Pittsburgh,1.5,2,2.55,4,1.69,1,-3,-1,1.43,5.13,4.19,4.92,2.16,4.36,3.32,5.06,1,1.5,3.4,4.53,0.84,-2.3,2,2.5,5.15,1.55,4.4,8.88,0.63,-1.8,3.81,0.4,0.3,1.55,2.9,5.03,0.01,-2,-1.4,-1.32,-1.4,-0.49,-1.5,-3,1.06,8.01,3.75,1,-3,3.11,5.05,-3.15,2.54,3.53,0.1,2.15,1.64,2.863555789,28,21,-7,28,21,-8.5,1,5,3,2
0,T,LA Chargers,Cleveland,LAC,CLE,AW,AN,A,3-2,0,0,0,1,3,2,0,1.5,9,1547,0.0091,1.19,2,2,1,1,6,1344,0.0174,1.0338,6,6Cleveland,Cleveland,LA Chargers,0,-0.52,-2.88,-0.25,-0.84,-2,-6,-7,-2.33,1.95,2.8,2.52,-2.39,4.9,5.32,-3.97,-3,0,0.9,0.63,-1.2,-1.4,-1.5,-2,-4.28,-2.6,2.8,1.44,-1.27,-1.9,-7,5.03,0.3,-1,-5.9,0.79,1,-6,-0.5,-3.31,-0.7,-1.3,0.5,-1,-3.42,-3.23,3.8,-1,-9,-3.69,1.25,3.1,0.91,0.22,-2.4,-1.71,-1.03,3.367372919,38,14,-24,38,14,-24,1,5,3,2
0,T,Jacksonville,Dallas,JAX,DAL,AS,NE,A,3-2,0,0,0,1,3,2,0,1.5,9,1554,-0.0108,1.1954,2,3,0,0.6667,4,1508,-0.0118,1.16,6,6Dallas,Dallas,Jacksonville,-3,-0.21,-4.84,-2,-2.46,0.01,-3,-2,-2.51,-4.5,-3.65,0.14,-0.04,-3.34,-3.97,7,2,-3,-1.3,-1.43,0.27,-1.3,-3,-1.5,-3.97,-1.81,0.5,-0.49,-1.86,-1.2,-6.08,-6.57,0.3,-2,-6.9,-3.21,-3,1,-0.8,-1.69,-2.1,1.25,-0.5,-6.9,2.16,-6.61,-3.6,-1,-3,-1.53,-3.62,-1.8,-8.48,-5.04,-2.5,-0.39,-0.61,2.493106976,7,40,33,7,40,36,1,5,3,2
0,T,LA Rams,Denver,LAR,DEN,NW,AW,A,5-0,0,0,0,1,5,0,0,1,6,1620,0.0068,1.2462,2,3,0,0.6667,4,1419,-0.0173,1.0915,6,6Denver,Denver,LA Rams,-6.5,-7.15,-10.08,-8,-9.27,-8,-41,-13,-9.99,-15.02,-9.77,-7.37,-6.9,-10.55,-10.07,-7,-11,-6.5,-6.7,-7.29,-7.08,-8.1,-6.5,-7,-14.59,-8.08,-6.4,-8.01,-10.76,-9.4,-7,-11.57,-7.1,-8.1,-16.3,-9.86,-4,-2,-12.4,-7.44,-9.4,-0.81,-3,-5.8,-10.04,-11.61,-11.6,-6.5,-16,-10.03,-6.09,-12.6,-7.93,-9.05,-7.6,-4.63,-7.63,5.452702855,23,20,-3,23,20,3.5,0,5,3,2
0,T,Chicago,Miami,CHI,MIA,NN,AE,A,3-1,0,0,0,1,3,1,0,3,18,1507,0,1.1592,3,2,0,1.5,9,1474,-0.0114,1.1338,6,6Miami,Miami,Chicago,-5.5,-1.98,-3.66,-0.25,-2.61,-1,3,1,-1.22,-12.2,-2.25,-4.42,0.41,-5.62,-5.61,4,-6,-4.5,-2,-2.46,-2.04,-2.5,-3.5,-2,-3.86,-0.5,-1,1.34,-0.94,-2.6,7.02,-11.51,-1.4,-2.04,-9.8,-1.64,-2,2,-11.5,-2.21,-3.2,1.52,2,-6.3,-4.86,-3.52,-7.75,-1.5,-1,4.02,-3,-5.95,0.18,-8.76,-3.5,-1.37,-1.73,3.293796402,28,31,3,28,31,8.5,1,4,2,2
0,T,Arizona,Minnesota,ARI,MIN,NW,NN,A,1-4,0,0,0,1,1,4,0,0.25,1.5,1438,0.0235,1.1062,2,2,1,1,6,1557,0.0104,1.1977,6,6Minnesota,Minnesota,Arizona,10,8.24,8.87,7,8.87,12,6,9,10.34,10.87,3.75,6.92,9.06,6.01,5.66,-7,12,10,10.3,4.84,10.06,9.2,10,10.5,12.69,9.7,10,14.32,10.56,10.3,14.35,1.54,10,9,11.1,7.85,7,6,5,7.44,9.4,3.14,8.5,9.2,13.83,7.28,4.3,12,22,7.72,6.53,17.25,11.05,9.37,10,7.02,7,3.538143239,17,27,10,17,27,0,0,5,3,2
0,T,Philadelphia,N.Y. Giants,PHI,NYG,NE,NE,A,2-3,0,1,0,0,2,3,0,0.6667,4,1606,-0.0099,1.2354,1,4,0,0.25,1.5,1387,-0.0029,1.0669,6,6N.Y. Giants,N.Y. Giants,Philadelphia,-2.5,-0.78,-3.96,-1,-2.41,-1,-15.5,-1,-10.47,-1.65,1.79,0.87,-2.21,4.06,4.38,-7,-11,-2.5,-1,0,-1.29,-2.6,-3,-3,-8.22,-6.08,1.1,-3.31,-4.13,-2.7,5.28,3.34,-1.1,-1.65,2.8,0.26,-1,-6,-2.4,-2.55,-1.8,-1.54,-0.5,-1.5,0.11,-2.98,2.5,-2.5,-13,-8.24,3.49,2.2,2.41,-1.32,-3.5,-3.74,-3.2,4.544541805,34,13,-21,34,13,-18.5,0,5,3,2
0,T,Atlanta,N.Y. Giants,ATL,NYG,NS,NE,H,2-4,1,0,0,0,2,4,0,0.5,3.5,1550,0.0071,1.1923,1,5,0,0.2,1.4,1370,-0.0123,1.0538,7,7Atlanta,Atlanta,N.Y. Giants,4,6.88,7.88,8,7.98,5,21,17,11.65,7,6.2,5.66,8.26,5.81,4.28,-2.14,12,5,6.6,7.35,6.83,8.3,5.5,4.5,13.68,10.22,7.7,-0.21,8.02,8.2,7.23,7.84,7.4,7.77,4,11.36,3,9,8.9,4.19,8.1,3.78,6.5,-3.5,7.02,11.84,9.05,6,17,12.26,6.27,10.33,0.03,0.05,7.2,7.46,5.99,3.940011704,20,23,3,23,20,-1,0,6,4,2
0,T,Baltimore,New Orleans,BAL,NO,AN,NS,H,4-2,1,0,0,0,4,2,0,2,14,1596,0.0211,1.2277,4,1,0,4,28,1615,0,1.2423,7,7Baltimore,Baltimore,New Orleans,2.5,4.44,8.24,5,3.89,1,-8.5,-2,3.58,10.35,6.15,8.57,2.94,9.56,11.9,12.4,3,2.5,4.2,3.84,4.72,-0.1,2.5,2.5,-2.45,4.34,5.9,0.16,4.81,0.5,8.86,8.28,2.7,4.03,7.7,8.89,4,1,3.6,1.27,0.01,0.69,-3.5,7.1,3.62,5.8,6.55,3.5,5,-3.83,8.19,-8.5,9.42,2.86,1.7,4.32,3.8,4.216099703,24,23,-1,23,24,-3.5,1,6,2,4
0,T,Chicago,New England,CHI,NE,NN,AE,H,3-2,1,0,0,0,3,2,0,1.5,10.5,1495,-0.008,1.15,4,2,0,2,14,1630,0.008,1.2538,7,7Chicago,Chicago,New England,-2,0.03,6.17,0.25,1.23,-2,-8,8,0.18,7.11,2.78,5.3,-1.37,4.41,7.73,7,-2,-1.5,1.2,1.16,-0.52,0.01,-3,-2.5,-5,0.81,5.5,4.85,0.23,-1,-1.63,5.02,-0.7,0.64,4.8,5.2,-1,-8,1.5,-1.43,0.3,-2.72,1.5,-1,0.34,2.78,10.6,-1.5,1,-1.34,2.41,0.47,-2.17,-2.97,-0.7,0.5,0.69,3.526753634,38,31,-7,31,38,-5,0,5,2,3
0,T,Indianapolis,Buffalo,IND,BUF,AS,AE,H,1-5,1,0,0,0,1,5,0,0.2,1.4,1378,-0.0101,1.06,2,4,0,0.5,3.5,1458,-0.0149,1.1215,7,7Indianapolis,Indianapolis,Buffalo,7,4.48,7.54,2,4.32,4,5.5,1,4.17,10.97,2.92,7.14,2.85,5.95,6.9,-1.41,7,6.5,7.6,1.67,6.14,4.3,7.5,9.5,-1.36,2.06,7.7,-4.19,4.64,2.9,-6.34,7.62,6.3,4.39,1.7,3.65,4,2,5,8.12,4.3,0.24,5,2.4,11.18,3.16,4.25,4.5,-2,-11.9,7.35,14.67,7.63,7.11,4.8,3.5,3.81,3.826383131,5,37,32,37,5,25,0,6,2,4
0,T,Kansas City,Cincinnati,KC,CIN,AW,AN,H,5-1,1,0,0,0,5,1,0,5,35,1644,-0.0078,1.2646,4,2,0,2,14,1512,-0.015,1.1631,7,7Kansas City,Kansas City,Cincinnati,6,7.54,1.51,8,7.43,10,14,7,7.45,5.85,7.87,4.68,8.31,10.08,15.85,8.8,7,6,7.2,7.98,7.45,9.9,6,5,9.11,7.41,8.5,5.94,6.88,9.8,13.18,6.48,6.6,7.16,10.4,9.94,6,7,12.5,6.82,10.3,2.66,5,3.6,7.12,7.27,5.25,7.5,4,6.66,6.49,8.83,8.48,4.33,6.5,5.5,7.09,2.490104044,10,45,35,45,10,29,0,6,2,4
0,T,San Francisco,LA Rams,SF,LAR,NW,NW,H,1-5,1,1,1,0,1,5,0,0.2,1.4,1412,-0.0063,1.0862,6,0,0,1,7,1628,0.0049,1.2523,7,7San Francisco,San Francisco,LA Rams,-8.5,-6.41,-15.96,-13,-8.79,-6,-34,-8,-4.66,-11.92,-9.88,-6.37,-8.58,-12.53,-7.43,-7,-8,-8.5,-7.6,-10.13,-5.41,-10.4,-9.5,-10,-7.65,-5.72,-5.2,-14.06,-13.61,-10.8,-7,-13.81,-9,-8,-10.5,-10.46,-5,-7,-4.6,-8.96,-10.7,-1.16,-1.5,-7.2,-8.49,-12.39,-12.2,-9.5,-16,-5.97,-10.88,-6,-4.92,-10.63,-6.1,-3.54,-7.42,5.136673888,39,10,-29,10,39,-20.5,0,6,2,4
0,T,Tampa Bay,Cleveland,TB,CLE,NS,AN,H,2-3,1,0,0,0,2,3,0,0.6667,4.6667,1470,-0.0074,1.1308,2,3,1,0.6667,4.6667,1325,-0.0141,1.0192,7,7Tampa Bay,Tampa Bay,Cleveland,3.5,4.79,-3.82,5,4.71,4,12,8,9.26,2.13,3.12,2.35,6.68,2.21,2.96,14.54,11,3.5,4.1,3.9,5.36,2.8,3.5,3,9.99,7.55,5.3,2.92,9.57,2.4,0.63,0.88,3.9,4.23,4.1,7.45,4,6,6.6,0.41,2.8,4.22,7,-4.9,8.82,3,5.75,3,8,6.45,1.91,4.6,8.8,1.86,2.3,4.03,5.45,3.249410724,23,26,3,26,23,-0.5,0,5,2,3
0,T,Denver,Arizona,DEN,ARI,AW,NW,A,2-4,0,0,0,1,2,4,0,0.5,3.5,1410,-0.0056,1.0846,1,5,0,0.2,1.4,1426,-0.0077,1.0969,7,7Arizona,Arizona,Denver,-1,1.14,-4.84,-1,0.75,2,13,7,2.2,-2.18,1.36,1.04,0.64,-1.69,-1.29,-1.06,3,-1,0.3,2.26,0.6,1.4,-2,-1,8.61,4.32,3.2,-4.99,0.63,0.8,-8.76,-3.72,0.4,0.63,-3,3.49,0.01,2,6.5,-1.07,1.7,1.5,0.01,-6.2,-0.74,-3.87,0.9,-1,9,7.26,-2.85,-4.33,-4.62,-2.41,-0.1,0.92,2.71,3.696617443,45,10,-35,45,10,-34,0,6,4,2
0,T,New Orleans,Baltimore,NO,BAL,NS,AN,A,4-1,0,0,0,1,4,1,0,4,28,1615,0,1.2423,4,2,0,2,14,1596,0.0211,1.2277,7,7Baltimore,Baltimore,New Orleans,2.5,4.44,8.24,5,3.89,1,-8.5,-2,3.58,10.35,6.15,8.57,2.94,9.56,11.9,12.4,3,2.5,4.2,3.84,4.72,-0.1,2.5,2.5,-2.45,4.34,5.9,0.16,4.81,0.5,8.86,8.28,2.7,4.03,7.7,8.89,4,1,3.6,1.27,0.01,0.69,-3.5,7.1,3.62,5.8,6.55,3.5,5,-3.83,8.19,-8.5,9.42,2.86,1.7,4.32,3.8,4.216099703,24,23,-1,24,23,-3.5,1,5,3,2
0,T,New England,Chicago,NE,CHI,AE,NN,A,4-2,0,0,0,1,4,2,0,2,14,1630,0.008,1.2538,3,2,0,1.5,10.5,1495,-0.008,1.15,7,7Chicago,Chicago,New England,-2,0.03,6.17,0.25,1.23,-2,-8,8,0.18,7.11,2.78,5.3,-1.37,4.41,7.73,7,-2,-1.5,1.2,1.16,-0.52,0.01,-3,-2.5,-5,0.81,5.5,4.85,0.23,-1,-1.63,5.02,-0.7,0.64,4.8,5.2,-1,-8,1.5,-1.43,0.3,-2.72,1.5,-1,0.34,2.78,10.6,-1.5,1,-1.34,2.41,0.47,-2.17,-2.97,-0.7,0.5,0.69,3.526753634,38,31,-7,38,31,-5,0,6,4,2
0,T,Buffalo,Indianapolis,BUF,IND,AE,AS,A,2-4,0,0,0,1,2,4,0,0.5,3.5,1458,-0.0149,1.1215,1,5,0,0.2,1.4,1378,-0.0101,1.06,7,7Indianapolis,Indianapolis,Buffalo,7,4.48,7.54,2,4.32,4,5.5,1,4.17,10.97,2.92,7.14,2.85,5.95,6.9,-1.41,7,6.5,7.6,1.67,6.14,4.3,7.5,9.5,-1.36,2.06,7.7,-4.19,4.64,2.9,-6.34,7.62,6.3,4.39,1.7,3.65,4,2,5,8.12,4.3,0.24,5,2.4,11.18,3.16,4.25,4.5,-2,-11.9,7.35,14.67,7.63,7.11,4.8,3.5,3.81,3.826383131,5,37,32,5,37,25,0,6,2,4
0,T,Detroit,Miami,DET,MIA,NN,AE,A,2-3,0,0,0,1,2,3,0,0.6667,4.6667,1507,0,1.1592,4,2,0,2,14,1486,0.0081,1.1431,7,7Miami,Miami,Detroit,-3,1.39,7.6,5,1.8,1,0.5,1,3.96,2.6,3.13,2.83,3.42,4.43,0,15,-3,-2,1.8,2.99,0.38,-1,-3,-2.5,0.69,0.6,4.6,7.39,1.15,-1.6,13.54,2.19,1.7,1.27,-2.6,4.44,1,-1,-2.2,-4.9,-1.1,0.41,1.5,1,0.36,7.34,5.9,1.5,1,2.26,0.7,-1.33,0.32,-4.51,0.1,0.79,-0.52,2.818843215,32,21,-11,32,21,-8,0,5,3,2
0,T,Carolina,Philadelphia,CAR,PHI,NS,NE,A,3-2,0,0,0,1,3,2,0,1.5,10.5,1551,-0.014,1.1931,3,3,0,1,7,1622,0.0106,1.2477,7,7Philadelphia,Philadelphia,Carolina,5.5,4.68,-1.67,1,4.3,8,-4,4,7.3,5.26,3.59,4.2,4.48,4.34,7.16,13.24,12,5.5,5.7,3.27,5.51,2.7,4.5,4.5,6.53,6.37,6.9,-3.14,5.32,3.4,0.63,1.54,4.9,4.54,5.1,5.55,3,5,10,4.64,2.3,1.96,5,4,7.08,1.95,-2.65,8,11,1.26,3.09,0.63,8.29,7.04,4.6,4.26,6.45,3.205919647,21,17,-4,21,17,-9.5,1,5,3,2
0,T,Cleveland,Tampa Bay,CLE,TB,AN,NS,A,2-3-1,0,0,0,1,2,3,1,0.6667,4.6667,1325,-0.0141,1.0192,2,3,0,0.6667,4.6667,1470,-0.0074,1.1308,7,7Tampa Bay,Tampa Bay,Cleveland,3.5,4.79,-3.82,5,4.71,4,12,8,9.26,2.13,3.12,2.35,6.68,2.21,2.96,14.54,11,3.5,4.1,3.9,5.36,2.8,3.5,3,9.99,7.55,5.3,2.92,9.57,2.4,0.63,0.88,3.9,4.23,4.1,7.45,4,6,6.6,0.41,2.8,4.22,7,-4.9,8.82,3,5.75,3,8,6.45,1.91,4.6,8.8,1.86,2.3,4.03,5.45,3.249410724,23,26,3,23,26,-0.5,0,6,4,2
0,T,Arizona,San Francisco,ARI,SF,NW,NW,H,1-6,1,1,1,0,1,6,0,0.1667,1.3333,1381,-0.0322,1.0623,1,6,0,0.1667,1.3333,1393,-0.0135,1.0715,8,8Arizona,Arizona,San Francisco,-1.5,-0.61,-5.34,0.25,-0.92,-1,3.5,-11,-2.29,-2.97,0.48,-0.21,0.64,-0.73,0.01,-7,1,-1.5,-0.5,1.46,-1.18,4.1,-1,0,2.67,-0.4,-1,1.62,1.27,2.8,2.59,-1.37,1.8,-0.4,-4.2,2.22,-1,3,0.3,-0.8,3.8,1.6,-3.5,-5.4,-1.82,0.31,2.15,2,-16,3.22,-1.43,-7.43,-9.39,-7.47,-1.6,-0.17,1.71,3.599237518,15,18,3,18,15,4.5,1,7,4,3
0,T,Jacksonville,Philadelphia,JAX,PHI,AS,NE,H,3-4,1,0,0,0,3,4,0,0.75,6,1480,-0.027,1.1385,3,4,0,0.75,6,1599,-0.0148,1.23,8,8Jacksonville,Jacksonville,Philadelphia,-3.5,-4.31,-1.93,-2,-2.48,-4,4,9,-1.92,-7.82,-3.87,-3.23,-3.23,2.8,3,1.2,-11,-3.5,-4.5,-3.73,-4.91,-2,-3,-2,-7.63,-4.96,-6.1,0.07,-1.7,-2.4,0.34,-3.53,-3.4,-2.12,-0.3,-4.04,-1,-1,-12.8,-1.23,-1.7,-1.32,0.5,-1,-4.41,-3.39,-3.7,-4,-10,-1.76,-2.25,-6.57,7.2,-1.46,-1.5,2.74,-5.76,3.771979266,24,18,-6,18,24,-2.5,0,7,4,3
0,T,Buffalo,New England,BUF,NE,AE,AE,H,2-5,1,1,1,0,2,5,0,0.4,3.2,1422,-0.0254,1.0938,5,2,0,2.5,20,1646,0.0098,1.2662,8,8Buffalo,Buffalo,New England,-13.5,-8.91,-6.725,-9,-10.38975918,-8,-25.5,-6,-8.509,-15.1364,-9.069616951,-6.974220733,-7.57,-14.1866,-14.0366,11.9795,-13,-13,-12.5,-7.32,-9.92,-15.2,-14,-13.5,-14.11,-8.26,-11,-2.74,-11.72,-15.7,-5.36268,-16.34,-10.1,-10.3,-8.3,-6.927812885,-9,-11,-18,-10.25,-15.7,-2.707911683,-4.5,-11,-13.1812838,-10.46,-10.35,-12,-13,-3.33,-11.32748617,-17,-12.0351,-14.49260072,-10.5,-4.46,-7.48,4.419834678,6,25,19,25,6,32.5,1,7,2,5
0,T,San Francisco,Arizona,SF,ARI,NW,NW,A,1-6,0,1,0,0,1,6,0,0.1667,1.3333,1393,-0.0135,1.0715,1,6,0,0.1667,1.3333,1381,-0.0322,1.0623,8,8Arizona,Arizona,San Francisco,-1.5,-0.61,-5.34,0.25,-0.92,-1,3.5,-11,-2.29,-2.97,0.48,-0.21,0.64,-0.73,0.01,-7,1,-1.5,-0.5,1.46,-1.18,4.1,-1,0,2.67,-0.4,-1,1.62,1.27,2.8,2.59,-1.37,1.8,-0.4,-4.2,2.22,-1,3,0.3,-0.8,3.8,1.6,-3.5,-5.4,-1.82,0.31,2.15,2,-16,3.22,-1.43,-7.43,-9.39,-7.47,-1.6,-0.17,1.71,3.599237518,15,18,3,15,18,4.5,1,7,3,4
0,T,Baltimore,Carolina,BAL,CAR,AN,NS,A,4-3,0,0,0,1,4,3,0,1.3333,10.6667,1588,-0.005,1.2215,4,2,0,2,16,1575,0.0155,1.2115,8,8Carolina,Carolina,Baltimore,-3,-0.13,3.34,-0.25,-1.21,0.01,2.5,7,0.81,-6.4,-3.9,-1.85,1.81,-8.32,-7,-3.89,-2,-3,-1.7,1.07,-0.74,-0.3,-2,1,4.66,-1.32,-1.3,0.66,-0.73,-1.6,-0.7,-6.58,0,-1.06,-5.9,-0.87,-3,2,-2.6,-1.72,-0.7,0.75,1.5,-6.7,-0.75,-2.41,-2.3,-1.5,9,3.92,-3.88,0.52,-10.51,-1.27,0.3,-0.3,-0.4,3.501557397,21,36,15,21,36,18,1,7,3,4
0,T,Seattle,Detroit,SEA,DET,NW,NN,A,3-3,0,0,0,1,3,3,0,1,8,1551,0,1.1931,3,3,0,1,8,1535,0.0193,1.1808,8,8Detroit,Detroit,Seattle,3,0.85,2.47,1,1,4,5,7,-0.44,-1.77,-0.39,0.67,0.95,-3.86,-3.85,-5.17,1,3,2.2,2.86,-0.07,1.6,3,3,4.76,1.68,1.3,1.26,1.71,1.9,-0.24,-3.43,0.3,1.35,-3.8,1.43,0.01,-1,1.8,0.37,1.6,0.13,5,-5.1,-2.64,1.01,-3.2,2.5,6,2.93,-1.45,4.33,3.9,2.64,2.3,1.23,1.9,2.52278671,28,14,-14,28,14,-17,1,6,2,4
0,T,Green Bay,LA Rams,GB,LAR,NN,NW,A,3-2-1,0,0,0,1,3,2,1,1.5,12,1478,0,1.1369,7,0,0,1,8,1647,0.0117,1.2669,8,8LA Rams,LA Rams,Green Bay,7.5,9.43,9.53,13,11.91,11,38,25,13.37,14.4,14.44,10.96,9.53,7,7,7,11,8.5,10.3,10.15,9.1,11.7,9.5,10,16.48,11.4,11.6,10,14.98,11.8,7,18.2,11.3,11.39,14,14.88,9,9,15.8,6.79,12.4,1.71,7.5,2.7,11.33,16.86,12.1,8.5,13,10.37,11.38,5.97,13.87,5.81,9.8,8.52,9.87,5.421945738,27,29,2,27,29,-5.5,0,6,4,2
0,T,Washington,N.Y. Giants,WSH,NYG,NE,NE,A,4-2,0,1,0,0,4,2,0,2,16,1508,0.0087,1.16,1,6,0,0.1667,1.3333,1365,-0.0036,1.05,8,8N.Y. Giants,N.Y. Giants,Washington,-1.5,-1.63,-8.55,-5,-2.57,1,-21.5,5,-1.89,-4.69,-2.81,-0.6,-2.43,-2.13,-2.49,7.82,-2,-1.5,-2.3,-4.93,-0.37,-1.2,1,-1,-5.19,-3.03,-3.6,-11.54,-0.69,-0.7,-8.21,-4.36,0,-2.22,-1.9,-3.91,1,-2,-2.9,-0.29,-1.7,-0.28,1,-2.9,2.76,-9.01,-3.6,-1,-3,-5.24,-1.48,0.57,4.81,-3.4,0.8,-0.62,-1.34,3.912612785,20,13,-7,20,13,-5.5,0,6,4,2
0,T,Indianapolis,Oakland,IND,OAK,AS,AW,A,2-5,0,0,0,1,2,5,0,0.4,3.2,1415,0.0269,1.0885,1,5,0,0.2,1.6,1390,0,1.0692,8,8Oakland,Oakland,Indianapolis,-3.5,-2.04,-3.24,-0.25,-2.03,1,-6,-2,-1,-7.43,-4.12,-3.48,-0.44,-5.27,-1.76,-15.06,-7,-3.5,-3.8,-1.76,-2.17,-0.6,-3,-1.5,-1.8,-2.25,-4.6,2.27,-0.56,0.9,0.19,-5.44,0.5,-1.9,-5.4,-3.78,0.01,1,-10.5,0.79,-0.7,1.21,1,-1,0.37,-6.56,-6.45,-1,-1,10.12,-2.39,-6.67,-5.47,-5.69,0.3,2.33,-2.88,3.341671868,42,28,-14,42,28,-10.5,0,7,3,4
0,T,Carolina,Tampa Bay,CAR,TB,NS,NS,H,5-2,1,1,1,0,5,2,0,2.5,22.5,1598,0.0146,1.2292,3,4,0,0.75,6.75,1466,-0.0068,1.1277,9,9Carolina,Carolina,Tampa Bay,6,8.35,6.505,9,7.378317513,8,7,11,6.598,9.8863,7.887932629,6.938776821,7.95,6.2659,9.7606,14.88,8,6,8,8.89,8.19,10.7,6,6.5,13.77,6.85,9.5,5.68,7.04,10.2,4.51704,10.09,7.4,7.975,9.2,10.09490644,5,6,15.8,3.24,10.1,1.87849957,-1.5,-1,11.55019192,9.75,6,8,9,6.7,6.967222635,-1.285714286,-2.3032,5.325706534,7.6,6.1,8.03,3.398204049,42,28,-14,28,42,-20,1,7,4,3
0,T,Cleveland,Kansas City,CLE,KC,AN,AW,H,2-5-1,1,0,0,0,2,5,1,0.4,3.6,1313,-0.0045,1.01,7,1,0,7,63,1667,0.0036,1.2823,9,9Cleveland,Cleveland,Kansas City,-9,-8.26,-13.82,-13,-9.772047785,-9,-13,-14,-9.124,-9.2845,-9.658127752,-5.154886514,-10.02,-11.8081,-10.9559,-6.0856,-12,-9,-8.4,-8.18,-8.42,-9.9,-9,-9,-12.68,-10.13,-8.3,-6.16,-13.54,-10.1,-10.54792,-14.63,-6.2,-9.679063876,-14,-11.19708887,-8,-13,-13,-6.77,-9.7,-3.626622679,-3,-5.5,-10.41265413,-10.45,-13.75,-8,-9,-8.68,-8.837248705,-10.10714286,-14.8085,-8.977289617,-7.1,-3.79,-7.32,2.92363641,21,37,16,37,21,25,1,8,4,4
0,T,Denver,Houston,DEN,HOU,AW,AS,H,3-5,1,0,0,0,3,5,0,0.6,5.4,1450,-0.0041,1.1154,5,3,0,1.6667,15,1486,0.0157,1.1431,9,9Denver,Denver,Houston,1.5,0.73,3.2,1,1.431347014,0.01,-0.5,6,4.283,-1.4311,0.667129132,0.780747579,0.32,2.796,3.2345,-1.9106,4,1.5,0.6,-0.65,1.32,1.6,1.5,1,-2.9,-0.01,-0.3,-0.83,-0.75,1.4,3.19544,3.9,1.8,0.827873789,3.2,2.871234184,2,5,5.6,-0.73,0.9,0.636299226,2,-2.7,0.289297907,-1.85,3.85,-1,6,-0.67,2.605518789,0.875,0.6775,1.287158381,0.7,3.37,0.4,2.225225897,17,19,2,19,17,0.5,0,8,4,4
0,T,Miami,N.Y. Jets,MIA,NYJ,AE,AE,H,4-4,1,1,1,0,4,4,0,1,9,1434,-0.0158,1.1031,3,5,0,0.6,5.4,1417,-0.0125,1.09,9,9Miami,Miami,N.Y. Jets,3,2.04,7.11,3,1.780657221,2,6,7,0.287,-1.1755,1.738820188,0.555389729,3.24,-1.5957,0.6914,-2.1198,0.01,3,2.8,3.01,1.44,0.8,3,3,5.43,2.41,2.5,5.86,1.07,0.9,4.8924,-1.63,1.9,1.515,-2.9,2.792999565,0.01,2,0.6,1.2,0.7,1.709253683,1.5,1.5,3.839301774,4.1,2.15,3.5,5,8.33,0.555753856,-0.25,-2.6176,-0.373348738,1.1,1.89,2.21,2.387100866,13,6,-7,6,13,-10,1,8,4,4
0,T,Minnesota,Detroit,MIN,DET,NN,NN,H,4-3-1,1,1,1,0,4,3,1,1.3333,12,1568,-0.0169,1.2062,3,4,0,0.75,6.75,1504,-0.0208,1.1569,9,9Minnesota,Minnesota,Detroit,5,5.33,2.91,5,5.336993858,7,4,10,7.438,5.1432,3.036711058,4.407409944,6,3.9074,5.3177,-6.8852,7,5,5.5,4.09,5.93,4.9,5,4.5,8.27,3.82,6.1,5.26,5.36,5,6.11464,3.27,7.1,5.1116,7.3,6.637696442,4,5,8,3.95,4.6,2.241996676,3,3.6,8.397108158,4.51,5.35,6,8,6.2,3.221035759,5.714285714,2.4551,3.016421915,5.7,3.86,4.76,1.863878792,24,9,-15,9,24,-20,1,8,4,4
0,T,New England,Green Bay,NE,GB,AE,NN,H,6-2,1,0,0,0,6,2,0,3,27,1662,0.0097,1.2785,3,3,1,1,9,1474,-0.0027,1.1338,9,9New England,New England,Green Bay,6,7.49,5.88,10,8.559445976,8,21,16,10.929,8.3868,9.473826379,6.446141581,7.56,9.9185,10.0055,7,8,6.5,6.9,8.21,7.21,8.6,6,5.5,14.65,9.06,8.4,6.17,9.96,8.4,7.967,9.15,8.2,8.3748,2.7,11.29782517,7,12,10.2,5.64,9.2,3.624081301,5,2.2,6.431834578,11.16,6.8,7.5,18,9.77,6.304224291,2.708333333,8.3628,4.01061253,6.8,7.25,7.66,3.367978606,31,17,-14,17,31,-20,1,8,4,4
0,T,Seattle,LA Chargers,SEA,LAC,NW,AW,H,4-3,1,0,0,0,4,3,0,1.3333,12,1582,0.0206,1.2169,5,2,0,2.5,22.5,1571,0,1.2085,9,9Seattle,Seattle,LA Chargers,1.5,3.31,3.44,2,2.53517673,3,-5,-5,1.854,4.8409,7.056144764,3.745866616,1.96,5.4082,7.5578,-1.3427,5,1.5,1.9,2.71,3.54,3.8,1.5,2,4.05,4.21,2.3,-0.72,3.35,3.1,-1.3926,6.27,3.1,3.16,3.4,5.229411146,3,4,6.2,-0.39,4.1,2.261720285,1.5,-4.7,0.701494564,4.36,5.2,2,-4,-2.52,3.380184402,-1.428571429,1.4991,1.216785968,2.7,2.46,3.82,2.828136717,17,25,8,25,17,6.5,0,7,2,5
0,T,Washington,Atlanta,WSH,ATL,NE,NS,H,5-2,1,0,0,0,5,2,0,2.5,22.5,1523,0.0106,1.1715,3,4,0,0.75,6.75,1555,0,1.1962,9,9Washington,Washington,Atlanta,1.5,3.54,7.535,6,3.485442209,4,7,-1,0.064,7.4316,6.378342511,4.779769035,2.27,5.1639,12.3356,14.9607,1,1.5,3,5.69,2.61,0.9,1.5,2,3.18,2.37,4.5,7.4,4.2,0.5,4.56244,5.81,2.7,3.36,5.4,6.95188183,3,-3,7,-2.18,1.6,-0.144088754,0.01,2.8,-0.01209514,8.29,4.75,4,-1,1.78,3.074252896,-4.285714286,1.7192,1.111287118,1,1.08,4.26,3.244959379,14,38,24,38,14,22.5,0,7,4,3
0,T,Tampa Bay,Carolina,TB,CAR,NS,NS,A,3-4,0,1,0,0,3,4,0,0.75,6.75,1466,-0.0068,1.1277,5,2,0,2.5,22.5,1598,0.0146,1.2292,9,9Carolina,Carolina,Tampa Bay,6,8.35,6.505,9,7.378317513,8,7,11,6.598,9.8863,7.887932629,6.938776821,7.95,6.2659,9.7606,14.88,8,6,8,8.89,8.19,10.7,6,6.5,13.77,6.85,9.5,5.68,7.04,10.2,4.51704,10.09,7.4,7.975,9.2,10.09490644,5,6,15.8,3.24,10.1,1.87849957,-1.5,-1,11.55019192,9.75,6,8,9,6.7,6.967222635,-1.285714286,-2.3032,5.325706534,7.6,6.1,8.03,3.398204049,42,28,-14,42,28,-20,1,7,3,4
0,T,Kansas City,Cleveland,KC,CLE,AW,AN,A,7-1,0,0,0,1,7,1,0,7,63,1667,0.0036,1.2823,2,5,1,0.4,3.6,1313,-0.0045,1.01,9,9Cleveland,Cleveland,Kansas City,-9,-8.26,-13.82,-13,-9.772047785,-9,-13,-14,-9.124,-9.2845,-9.658127752,-5.154886514,-10.02,-11.8081,-10.9559,-6.0856,-12,-9,-8.4,-8.18,-8.42,-9.9,-9,-9,-12.68,-10.13,-8.3,-6.16,-13.54,-10.1,-10.54792,-14.63,-6.2,-9.679063876,-14,-11.19708887,-8,-13,-13,-6.77,-9.7,-3.626622679,-3,-5.5,-10.41265413,-10.45,-13.75,-8,-9,-8.68,-8.837248705,-10.10714286,-14.8085,-8.977289617,-7.1,-3.79,-7.32,2.92363641,21,37,16,21,37,25,1,8,4,4
0,T,Houston,Denver,HOU,DEN,AS,AW,A,5-3,0,0,0,1,5,3,0,1.6667,15,1486,0.0157,1.1431,3,5,0,0.6,5.4,1450,-0.0041,1.1154,9,9Denver,Denver,Houston,1.5,0.73,3.2,1,1.431347014,0.01,-0.5,6,4.283,-1.4311,0.667129132,0.780747579,0.32,2.796,3.2345,-1.9106,4,1.5,0.6,-0.65,1.32,1.6,1.5,1,-2.9,-0.01,-0.3,-0.83,-0.75,1.4,3.19544,3.9,1.8,0.827873789,3.2,2.871234184,2,5,5.6,-0.73,0.9,0.636299226,2,-2.7,0.289297907,-1.85,3.85,-1,6,-0.67,2.605518789,0.875,0.6775,1.287158381,0.7,3.37,0.4,2.225225897,17,19,2,17,19,0.5,0,8,4,4
0,T,N.Y. Jets,Miami,NYJ,MIA,AE,AE,A,3-5,0,1,0,0,3,5,0,0.6,5.4,1417,-0.0125,1.09,4,4,0,1,9,1434,-0.0158,1.1031,9,9Miami,Miami,N.Y. Jets,3,2.04,7.11,3,1.780657221,2,6,7,0.287,-1.1755,1.738820188,0.555389729,3.24,-1.5957,0.6914,-2.1198,0.01,3,2.8,3.01,1.44,0.8,3,3,5.43,2.41,2.5,5.86,1.07,0.9,4.8924,-1.63,1.9,1.515,-2.9,2.792999565,0.01,2,0.6,1.2,0.7,1.709253683,1.5,1.5,3.839301774,4.1,2.15,3.5,5,8.33,0.555753856,-0.25,-2.6176,-0.373348738,1.1,1.89,2.21,2.387100866,13,6,-7,13,6,-10,1,8,4,4
0,T,LA Rams,New Orleans,LAR,NO,NW,NS,A,8-0,0,0,0,1,8,0,0,1,9,1651,0.0024,1.27,6,1,0,6,54,1650,0.0166,1.2692,9,9New Orleans,New Orleans,LA Rams,-2,0.91,-5.895,-1,0.54988901,3,-16,3,1.351,-2.1839,4.044184949,-1.241101048,0.75,-2.1776,8.7979,-9.8131,3,-1.5,2.8,2.09,0.46,4,1.5,-2.5,7.21,1.34,4.2,0.41,-0.7,3.3,0.42312,-2.22,0.9,1.0951,-5,2.975441803,3,1,8.5,-1.05,4.1,1.509586392,2.5,-2.7,0.01479017,-3.99,-3.7,1.5,-6,1.03,-1.811511102,2.428571429,1.1602,-3.793425164,1.2,0.42,2.97,3.870028551,45,35,-10,45,35,-8,0,8,4,4
0,T,Atlanta,Washington,ATL,WSH,NS,NE,A,3-4,0,0,0,1,3,4,0,0.75,6.75,1555,0,1.1962,5,2,0,2.5,22.5,1523,0.0106,1.1715,9,9Washington,Washington,Atlanta,1.5,3.54,7.535,6,3.485442209,4,7,-1,0.064,7.4316,6.378342511,4.779769035,2.27,5.1639,12.3356,14.9607,1,1.5,3,5.69,2.61,0.9,1.5,2,3.18,2.37,4.5,7.4,4.2,0.5,4.56244,5.81,2.7,3.36,5.4,6.95188183,3,-3,7,-2.18,1.6,-0.144088754,0.01,2.8,-0.01209514,8.29,4.75,4,-1,1.78,3.074252896,-4.285714286,1.7192,1.111287118,1,1.08,4.26,3.244959379,14,38,24,14,38,22.5,0,7,5,2
0,T,Tennessee,Dallas,TEN,DAL,AS,NE,A,3-4,0,0,0,1,3,4,0,0.75,6.75,1478,0,1.1369,3,4,0,0.75,6.75,1528,0,1.1754,9,9Dallas,Dallas,Tennessee,5.5,6.7,7.365,4,5.95810585,6,12.5,7,3.736,9.98,5.088104693,5.660538753,5.91,3.8739,4.0201,9.1625,10,5.5,6.9,5.29,7.39,6.3,6,6,3.85,6.48,7.3,3.19,6.53,6.2,-0.50136,10.19,6.4,6,9.6,10.41314234,6,6,8.7,4.15,6.3,1.818783416,3.5,1,9.205402369,7.47,8.85,5.5,4,2.94,5.291124888,6.857142857,3.0749,5.585637016,4.1,2.91,4.88,2.416339924,14,28,14,14,28,8.5,0,7,3,4
0,T,Pittsburgh,Carolina,PIT,CAR,AN,NS,H,5-2-1,1,0,0,0,5,2,1,2.5,25,1626,0.0143,1.2508,6,2,0,3,30,1610,0.0075,1.2385,10,10Pittsburgh,Pittsburgh,Carolina,3.5,3.82,6.46,3,4.323206398,6,5.5,11,4.077,2.7328,3.956815807,2.841444925,3.93,3.9489,-2.0799,10.9215,5,3.5,4.2,3.07,4.09,5.5,3.5,5,2.14,2.76,4.4,2.18,4.73,6.1,4.30476,5.85,5.4,4.145,6.7,5.927159322,5,5,4.9,5.95,5.2,1.551462686,8.5,1.9,5.599545266,2.39,4.5,6,5,2.82,4.778571672,6.928571429,7.3866,5.375058504,4,2.06,3.18,2.007817761,52,21,-31,21,52,-34.5,1,8,4,4
0,T,Chicago,Detroit,CHI,DET,NN,NN,H,5-3,1,1,1,0,5,3,0,1.6667,16.6667,1529,0.0214,1.1762,3,5,0,0.6,6,1487,-0.0113,1.1438,10,10Chicago,Chicago,Detroit,6.5,6.9,9.025,9,8.435798232,6,2.5,13,8.504,15.6813,8.289345466,9.939848442,5.41,13.3047,8,7,9,6.5,6.8,6.94,6.89,7.3,6.5,6.5,7.32,7.06,7.2,4.87,6,7,8.00228,14.27,7.6,8.124,11.9,11.21728149,6,2,12.6,5.5,8.1,0.079623946,3,2,9.369073564,12.49,14.1,7.5,10,1.48,9.439124552,8.875,8.148,4.403798171,5.3,4.83,7.16,3.709606457,34,22,-12,22,34,-18.5,1,8,4,4
0,T,Cincinnati,New Orleans,CIN,NO,AN,NS,H,5-3,1,0,0,0,5,3,0,1.6667,16.6667,1506,0,1.1585,7,1,0,7,70,1669,0.0115,1.2838,10,10Cincinnati,Cincinnati,New Orleans,-6,-4.25,-3.65,-4,-4.380589551,-8,-10,11,-1.804,-4.1943,-6.617344311,-1.504011037,-3.96,-5.0128,-5,-2.5294,-9,-6,-6.4,-4.06,-4.53,-7.6,-6,-4.5,-12.34,-4.37,-8.3,-0.42,-1.14,-7.5,-3.45972,-5.24,-4,-4.31,-9.4,-2.662463518,-5,-5,-15.8,0.84,-8.1,-1.00542582,-2,-4.1,-1.001480169,-3.23,-1.55,-6,-4,-1,-5.40556912,-5.25,-6.9028,-5.715496241,-4.6,0.19,-5.58,3.703088954,14,51,37,51,14,43,1,8,4,4
0,T,Green Bay,Miami,GB,MIA,NN,AE,H,3-4-1,1,0,0,0,3,4,1,0.75,7.5,1465,-0.0061,1.1269,5,4,0,1.25,12.5,1450,0.0105,1.1154,10,10Green Bay,Green Bay,Miami,10,6.83,5.37,3,6.577691382,8,4,23,4.476,5.824,4.409861365,4.577948369,6.02,2.8118,8.7427,13.4107,11,9,8.1,3.55,8.58,7.2,10,9,7.53,6,6.7,2.85,5.8,8.2,-1.15004,6.07,7.5,6,15.9,6.831370582,5,7,10.7,7.34,6.8,1.954792455,5,1,12.31772253,1.84,10.15,8,16,2.38,6.439211201,8.650793651,5.3139,4.53112285,7.5,4.22,5.66,3.761193779,31,12,-19,12,31,-29,1,8,4,4
0,T,Kansas City,Arizona,KC,ARI,AW,NW,H,8-1,1,0,0,0,8,1,0,8,80,1675,0.0048,1.2885,2,6,0,0.3333,3.3333,1392,0,1.0708,10,10Kansas City,Kansas City,Arizona,17,15.76,13.91,20,17.05687072,17,17.5,19,17.118,22.77415,19.93299527,13.42574974,16.07,7,16,7,21,17,16.2,15.84,15.79,14.8,17,17,19.24,16.98,15.9,15.16,16.36,16.1,7,24.93,16.2,16.98,25.4,18.75650104,13,13,25.8,10.54,15.7,3.735054285,12,17.4,20.66486832,18.2,21.85,19,15,11.34,18.57984996,24.58333333,7,15.74151095,14.9,9.67,14.99,4.846042888,26,14,-12,14,26,-29,1,9,4,5
0,T,LA Rams,Seattle,LAR,SEA,NW,NW,H,8-1,1,1,1,0,8,1,0,8,80,1632,-0.0115,1.2554,4,4,0,1,10,1555,-0.0177,1.1962,10,10LA Rams,LA Rams,Seattle,10,6.7,5.79,10,7.859558854,9,20.5,14,9.564,7.3806,4.547234176,6.053168708,8.36,6.8591,8.5,7.223,5,10,7.9,6.22,7.05,7.8,10,9.5,8.85,4.93,5.8,9,7.4,8.6,13.67932,8.61,8.8,8.175,12.8,9.901626548,6,3,4.9,8.44,7.6,0.737751686,9,3.5,9.903448599,11.27,9.6,8,-1,9.91,5.959861564,11.72222222,8.8814,9.503631692,8.4,6.82,4.9,3.264731765,36,31,-5,31,36,-15,1,9,4,5
0,T,N.Y. Jets,Buffalo,NYJ,BUF,AE,AE,H,3-6,1,1,1,0,3,6,0,0.5,5,1402,-0.0106,1.0785,2,7,0,0.2857,2.8571,1374,-0.0228,1.0569,10,10N.Y. Jets,N.Y. Jets,Buffalo,6.5,5.51,12.105,6,7.791849854,8,11,17,8.705,16.54377,6.603634245,11.01529041,3.64,10.0413,5,10.0125,10,6.5,6.3,3.97,6.66,8.9,6.5,8.5,6.02,5.85,5,5.05,5.83,8.3,1.31388,12.2,8.7,7,3.3,7.595265297,7,5,12,6.06,8.9,0.50831999,5,3.1,4.646865801,9.77,8,9.5,6,2.11,7.501012449,13.33333333,8.3435,6.061565291,6.5,4.27,5.6,3.458973273,10,41,31,41,10,24.5,0,9,4,5
0,T,Oakland,LA Chargers,OAK,LAC,AW,AW,H,1-7,1,1,1,0,1,7,0,0.1429,1.4286,1334,-0.0184,1.0262,6,2,0,3,30,1599,0.0178,1.23,10,10Oakland,Oakland,LA Chargers,-10,-8.86,-6.165,-12,-10.41759582,-9,-23,-1,-7.545,-13.13939,-15.30257653,-6.581015192,-8.97,-8.7777,-11,-7,-15,-10,-12.4,-11.1,-8.04,-11,-10,-10,-22.32,-13.32,-14.9,-7.94,-7.66,-11.8,-12.0472,-15.4,-6.5,-10.25,-13.8,-14.80499559,-5,-6,-24.5,-5.57,-11.9,-0.68671238,-1,-12.2,-9.254613467,-12.22,-8.9,-9.5,-14,-9.31,-12.31595436,-7.875,-5.4176,-10.34598813,-8,-1.26,-11.02,4.934428463,6,20,14,20,6,24,1,8,4,4
0,T,Philadelphia,Dallas,PHI,DAL,NE,NE,H,4-4,1,1,1,0,4,4,0,1,10,1611,0,1.2392,3,5,0,0.6,6,1490,-0.0249,1.1462,10,10Philadelphia,Philadelphia,Dallas,7,5.56,3.745,4,6.248566649,4,3,16,9.671,5.5869,5.877907037,4.089544425,6.6,8.0233,9,7.6873,9,7,7.2,5.46,5.84,5.9,7,6.5,10.47,5.88,7.9,3.6,5.59,6.2,7.41288,5.56,5.8,5.89,4.5,9.597533282,5,5,6.6,6.48,6.3,1.839952728,4,-1.1,8.54333172,8.94,0.25,6,10,6.54,4.132596442,5,9.9388,5.850572053,7.2,5.47,6.86,2.649209791,20,27,7,27,20,0,0,8,4,4
0,T,San Francisco,N.Y. Giants,SF,NYG,NW,NE,H,2-7,1,0,0,0,2,7,0,0.2857,2.8571,1407,0.0181,1.0823,1,7,0,0.1429,1.4286,1349,0,1.0377,10,10San Francisco,San Francisco,N.Y. Giants,3.5,3.8,4.315,3,4.367364911,4,20.5,19,6.758,6.6144,1.833879655,5.13027129,3.37,-6.2136,8,-7,4,3.5,4,3.54,3.91,3.3,3,3,8.98,2.29,5,6.34,2.11,4,-3.76864,2.27,2.1,4,3.2,4.876596773,4,2,6.5,-0.05,3.6,0.847742167,5,1,2.063847397,4.81,1.15,2,6,12.29,2.544627576,6.25,-3.4616,-0.517475787,3.5,4.88,3.23,4.006781473,23,27,4,27,23,0.5,0,9,4,5
0,T,Detroit,Chicago,DET,CHI,NN,NN,A,3-5,0,1,0,0,3,5,0,0.6,6,1487,-0.0113,1.1438,5,3,0,1.6667,16.6667,1529,0.0214,1.1762,10,10Chicago,Chicago,Detroit,6.5,6.9,9.025,9,8.435798232,6,2.5,13,8.504,15.6813,8.289345466,9.939848442,5.41,13.3047,8,7,9,6.5,6.8,6.94,6.89,7.3,6.5,6.5,7.32,7.06,7.2,4.87,6,7,8.00228,14.27,7.6,8.124,11.9,11.21728149,6,2,12.6,5.5,8.1,0.079623946,3,2,9.369073564,12.49,14.1,7.5,10,1.48,9.439124552,8.875,8.148,4.403798171,5.3,4.83,7.16,3.709606457,34,22,-12,34,22,-18.5,1,8,4,4
0,T,New Orleans,Cincinnati,NO,CIN,NS,AN,A,7-1,0,0,0,1,7,1,0,7,70,1669,0.0115,1.2838,5,3,0,1.6667,16.6667,1506,0,1.1585,10,10Cincinnati,Cincinnati,New Orleans,-6,-4.25,-3.65,-4,-4.380589551,-8,-10,11,-1.804,-4.1943,-6.617344311,-1.504011037,-3.96,-5.0128,-5,-2.5294,-9,-6,-6.4,-4.06,-4.53,-7.6,-6,-4.5,-12.34,-4.37,-8.3,-0.42,-1.14,-7.5,-3.45972,-5.24,-4,-4.31,-9.4,-2.662463518,-5,-5,-15.8,0.84,-8.1,-1.00542582,-2,-4.1,-1.001480169,-3.23,-1.55,-6,-4,-1,-5.40556912,-5.25,-6.9028,-5.715496241,-4.6,0.19,-5.58,3.703088954,14,51,37,14,51,43,1,8,4,4
0,T,Miami,Green Bay,MIA,GB,AE,NN,A,5-4,0,0,0,1,5,4,0,1.25,12.5,1450,0.0105,1.1154,3,4,1,0.75,7.5,1465,-0.0061,1.1269,10,10Green Bay,Green Bay,Miami,10,6.83,5.37,3,6.577691382,8,4,23,4.476,5.824,4.409861365,4.577948369,6.02,2.8118,8.7427,13.4107,11,9,8.1,3.55,8.58,7.2,10,9,7.53,6,6.7,2.85,5.8,8.2,-1.15004,6.07,7.5,6,15.9,6.831370582,5,7,10.7,7.34,6.8,1.954792455,5,1,12.31772253,1.84,10.15,8,16,2.38,6.439211201,8.650793651,5.3139,4.53112285,7.5,4.22,5.66,3.761193779,31,12,-19,31,12,-29,1,9,5,4
0,T,LA Chargers,Oakland,LAC,OAK,AW,AW,A,6-2,0,1,0,0,6,2,0,3,30,1599,0.0178,1.23,1,7,0,0.1429,1.4286,1334,-0.0184,1.0262,10,10Oakland,Oakland,LA Chargers,-10,-8.86,-6.165,-12,-10.41759582,-9,-23,-1,-7.545,-13.13939,-15.30257653,-6.581015192,-8.97,-8.7777,-11,-7,-15,-10,-12.4,-11.1,-8.04,-11,-10,-10,-22.32,-13.32,-14.9,-7.94,-7.66,-11.8,-12.0472,-15.4,-6.5,-10.25,-13.8,-14.80499559,-5,-6,-24.5,-5.57,-11.9,-0.68671238,-1,-12.2,-9.254613467,-12.22,-8.9,-9.5,-14,-9.31,-12.31595436,-7.875,-5.4176,-10.34598813,-8,-1.26,-11.02,4.934428463,6,20,14,6,20,24,1,8,4,4
0,T,Dallas,Philadelphia,DAL,PHI,NE,NE,A,3-5,0,1,0,0,3,5,0,0.6,6,1490,-0.0249,1.1462,4,4,0,1,10,1611,0,1.2392,10,10Philadelphia,Philadelphia,Dallas,7,5.56,3.745,4,6.248566649,4,3,16,9.671,5.5869,5.877907037,4.089544425,6.6,8.0233,9,7.6873,9,7,7.2,5.46,5.84,5.9,7,6.5,10.47,5.88,7.9,3.6,5.59,6.2,7.41288,5.56,5.8,5.89,4.5,9.597533282,5,5,6.6,6.48,6.3,1.839952728,4,-1.1,8.54333172,8.94,0.25,6,10,6.54,4.132596442,5,9.9388,5.850572053,7.2,5.47,6.86,2.649209791,20,27,7,20,27,0,0,8,4,4
0,T,New England,Tennessee,NE,TEN,AE,AS,A,7-2,0,0,0,1,7,2,0,3.5,35,1671,0.0054,1.2854,4,4,0,1,10,1516,0.0257,1.1662,10,10Tennessee,Tennessee,New England,-6.5,-4.54,-2.71,-5,-4.530852128,-4,-15.5,11,-3.673,-4.6606,-2.750009937,-0.524065599,-4.99,-7.151,-6,0.5378,-4,-6,-4.7,-2.09,-5.77,-4.3,-6.5,-7,-5,-6.15,-2.8,-2.59,-2.84,-4.7,-3.33712,-6.19,-4.2,-4.3,-4.3,-3.468662198,-5,-11,-2.7,-5.77,-5,-1.625711046,-1,-4.8,-4.29512954,-6.06,-8,-4,-4,-3.71,-4.404897237,-11.25,-4.5042,-7.314497629,-4.2,-1.34,-2.44,3.240300487,34,10,-24,34,10,-17.5,0,9,5,4
0,T,N.Y. Giants,San Francisco,NYG,SF,NE,NW,A,1-7,0,0,0,1,1,7,0,0.1429,1.4286,1349,0,1.0377,2,7,0,0.2857,2.8571,1407,0.0181,1.0823,10,10San Francisco,San Francisco,N.Y. Giants,3.5,3.8,4.315,3,4.367364911,4,20.5,19,6.758,6.6144,1.833879655,5.13027129,3.37,-6.2136,8,-7,4,3.5,4,3.54,3.91,3.3,3,3,8.98,2.29,5,6.34,2.11,4,-3.76864,2.27,2.1,4,3.2,4.876596773,4,2,6.5,-0.05,3.6,0.847742167,5,1,2.063847397,4.81,1.15,2,6,12.29,2.544627576,6.25,-3.4616,-0.517475787,3.5,4.88,3.23,4.006781473,23,27,4,23,27,0.5,0,8,4,4
